count,num_features,pct,cumul_pct
0,69,0.2041903409090909,0.2041903409090909
1,415,1.2281013257575757,1.4322916666666665
2,198,0.5859375,2.018229166666667
3,56,0.16571969696969696,2.1839488636363638
4,55,0.16276041666666669,2.3467092803030303
5,60,0.17755681818181818,2.5242660984848486
6,35,0.10357481060606061,2.627840909090909
7,49,0.14500473484848486,2.772845643939394
8,46,0.13612689393939395,2.908972537878788
9,39,0.11541193181818182,3.0243844696969697
10,36,0.1065340909090909,3.1309185606060606
11,41,0.12133049242424243,3.252249053030303
12,38,0.11245265151515152,3.3647017045454546
13,31,0.09173768939393939,3.4564393939393936
14,31,0.09173768939393939,3.5481770833333335
15,31,0.09173768939393939,3.639914772727273
16,15,0.044389204545454544,3.684303977272727
17,45,0.13316761363636362,3.8174715909090913
18,114,0.33735795454545453,4.154829545454546
19,125,0.3699100378787879,4.524739583333334
20,114,0.33735795454545453,4.862097537878788
21,114,0.33735795454545453,5.199455492424242
22,94,0.2781723484848485,5.477627840909091
23,105,0.3107244318181818,5.7883522727272725
24,82,0.24266098484848486,6.031013257575758
25,84,0.24857954545454544,6.279592803030303
26,89,0.26337594696969696,6.54296875
27,108,0.31960227272727276,6.8625710227272725
28,78,0.23082386363636365,7.093394886363637
29,76,0.22490530303030304,7.3183001893939394
30,68,0.2012310606060606,7.51953125
31,81,0.23970170454545456,7.759232954545454
32,75,0.22194602272727273,7.9811789772727275
33,82,0.24266098484848486,8.223839962121213
34,92,0.2722537878787879,8.49609375
35,73,0.2160274621212121,8.712121212121213
36,70,0.20714962121212122,8.919270833333332
37,81,0.23970170454545456,9.158972537878787
38,61,0.18051609848484848,9.339488636363637
39,62,0.18347537878787878,9.522964015151516
40,44,0.13020833333333331,9.653172348484848
41,68,0.2012310606060606,9.854403409090908
42,75,0.22194602272727273,10.076349431818182
43,60,0.17755681818181818,10.25390625
44,63,0.1864346590909091,10.440340909090908
45,68,0.2012310606060606,10.641571969696969
46,82,0.24266098484848486,10.884232954545455
47,61,0.18051609848484848,11.064749053030303
48,67,0.1982717803030303,11.263020833333332
49,52,0.15388257575757575,11.416903409090908
50,66,0.1953125,11.612215909090908
51,55,0.16276041666666669,11.774976325757576
52,58,0.17163825757575757,11.946614583333332
53,49,0.14500473484848486,12.091619318181818
54,37,0.1094933712121212,12.20111268939394
55,57,0.16867897727272727,12.369791666666668
56,59,0.17459753787878787,12.544389204545455
57,36,0.1065340909090909,12.650923295454545
58,48,0.14204545454545456,12.79296875
59,57,0.16867897727272727,12.961647727272727
60,60,0.17755681818181818,13.139204545454545
61,52,0.15388257575757575,13.293087121212121
62,63,0.1864346590909091,13.479521780303031
63,54,0.15980113636363638,13.639322916666666
64,42,0.12428977272727272,13.76361268939394
65,53,0.15684185606060605,13.920454545454545
66,49,0.14500473484848486,14.065459280303031
67,43,0.12724905303030304,14.192708333333334
68,50,0.14796401515151514,14.340672348484848
69,37,0.1094933712121212,14.450165719696969
70,40,0.11837121212121213,14.568536931818182
71,36,0.1065340909090909,14.675071022727273
72,44,0.13020833333333331,14.805279356060606
73,36,0.1065340909090909,14.911813446969695
74,32,0.0946969696969697,15.006510416666666
75,40,0.11837121212121213,15.124881628787879
76,40,0.11837121212121213,15.243252840909092
77,34,0.1006155303030303,15.343868371212121
78,26,0.07694128787878787,15.420809659090908
79,44,0.13020833333333331,15.551017992424242
80,32,0.0946969696969697,15.645714962121213
81,34,0.1006155303030303,15.746330492424242
82,37,0.1094933712121212,15.855823863636365
83,33,0.09765625,15.953480113636365
84,33,0.09765625,16.051136363636363
85,24,0.07102272727272728,16.12215909090909
86,29,0.08581912878787878,16.20797821969697
87,42,0.12428977272727272,16.332267992424242
88,27,0.07990056818181819,16.412168560606062
89,30,0.08877840909090909,16.50094696969697
90,40,0.11837121212121213,16.619318181818183
91,25,0.07398200757575757,16.693300189393938
92,37,0.1094933712121212,16.802793560606062
93,29,0.08581912878787878,16.888612689393938
94,31,0.09173768939393939,16.98035037878788
95,30,0.08877840909090909,17.06912878787879
96,24,0.07102272727272728,17.140151515151516
97,39,0.11541193181818182,17.255563446969695
98,47,0.13908617424242425,17.39464962121212
99,32,0.0946969696969697,17.48934659090909
100,44,0.13020833333333331,17.619554924242426
101,30,0.08877840909090909,17.708333333333336
102,36,0.1065340909090909,17.814867424242426
103,33,0.09765625,17.912523674242426
104,27,0.07990056818181819,17.992424242424242
105,19,0.05622632575757576,18.048650568181817
106,48,0.14204545454545456,18.190696022727273
107,24,0.07102272727272728,18.26171875
108,30,0.08877840909090909,18.35049715909091
109,19,0.05622632575757576,18.406723484848484
110,20,0.059185606060606064,18.46590909090909
111,23,0.06806344696969698,18.53397253787879
112,23,0.06806344696969698,18.602035984848484
113,32,0.0946969696969697,18.696732954545457
114,31,0.09173768939393939,18.788470643939394
115,24,0.07102272727272728,18.85949337121212
116,26,0.07694128787878787,18.93643465909091
117,43,0.12724905303030304,19.06368371212121
118,39,0.11541193181818182,19.179095643939394
119,27,0.07990056818181819,19.25899621212121
120,32,0.0946969696969697,19.353693181818183
121,27,0.07990056818181819,19.43359375
122,26,0.07694128787878787,19.51053503787879
123,31,0.09173768939393939,19.602272727272727
124,29,0.08581912878787878,19.688091856060606
125,26,0.07694128787878787,19.765033143939394
126,30,0.08877840909090909,19.853811553030305
127,23,0.06806344696969698,19.921875
128,26,0.07694128787878787,19.99881628787879
129,34,0.1006155303030303,20.099431818181817
130,30,0.08877840909090909,20.188210227272727
131,21,0.06214488636363636,20.250355113636363
132,16,0.04734848484848485,20.297703598484848
133,30,0.08877840909090909,20.386482007575758
134,20,0.059185606060606064,20.445667613636363
135,21,0.06214488636363636,20.5078125
136,25,0.07398200757575757,20.581794507575758
137,40,0.11837121212121213,20.70016571969697
138,23,0.06806344696969698,20.768229166666664
139,27,0.07990056818181819,20.848129734848484
140,15,0.044389204545454544,20.892518939393938
141,28,0.08285984848484848,20.97537878787879
142,28,0.08285984848484848,21.058238636363637
143,30,0.08877840909090909,21.147017045454543
144,27,0.07990056818181819,21.226917613636363
145,16,0.04734848484848485,21.274266098484848
146,37,0.1094933712121212,21.38375946969697
147,21,0.06214488636363636,21.445904356060606
148,19,0.05622632575757576,21.502130681818183
149,13,0.038470643939393936,21.540601325757574
150,25,0.07398200757575757,21.614583333333336
151,28,0.08285984848484848,21.697443181818183
152,29,0.08581912878787878,21.783262310606062
153,22,0.06510416666666666,21.848366477272727
154,32,0.0946969696969697,21.943063446969695
155,22,0.06510416666666666,22.008167613636363
156,28,0.08285984848484848,22.09102746212121
157,23,0.06806344696969698,22.15909090909091
158,15,0.044389204545454544,22.203480113636363
159,10,0.029592803030303032,22.233072916666664
160,22,0.06510416666666666,22.298177083333336
161,24,0.07102272727272728,22.369199810606062
162,23,0.06806344696969698,22.437263257575758
163,17,0.05030776515151515,22.487571022727273
164,12,0.03551136363636364,22.523082386363637
165,20,0.059185606060606064,22.582267992424242
166,28,0.08285984848484848,22.66512784090909
167,24,0.07102272727272728,22.736150568181817
168,32,0.0946969696969697,22.83084753787879
169,16,0.04734848484848485,22.878196022727273
170,19,0.05622632575757576,22.934422348484848
171,19,0.05622632575757576,22.990648674242426
172,19,0.05622632575757576,23.046875
173,26,0.07694128787878787,23.12381628787879
174,12,0.03551136363636364,23.159327651515152
175,15,0.044389204545454544,23.203716856060606
176,13,0.038470643939393936,23.2421875
177,14,0.04142992424242424,23.283617424242426
178,11,0.03255208333333333,23.316169507575758
179,10,0.029592803030303032,23.345762310606062
180,12,0.03551136363636364,23.381273674242426
181,15,0.044389204545454544,23.42566287878788
182,17,0.05030776515151515,23.475970643939394
183,24,0.07102272727272728,23.54699337121212
184,11,0.03255208333333333,23.579545454545457
185,18,0.05326704545454545,23.6328125
186,25,0.07398200757575757,23.706794507575758
187,16,0.04734848484848485,23.754142992424242
188,25,0.07398200757575757,23.828125
189,17,0.05030776515151515,23.878432765151516
190,8,0.023674242424242424,23.902107007575758
191,5,0.014796401515151516,23.91690340909091
192,8,0.023674242424242424,23.940577651515152
193,14,0.04142992424242424,23.982007575757574
194,14,0.04142992424242424,24.0234375
195,18,0.05326704545454545,24.076704545454543
196,15,0.044389204545454544,24.12109375
197,15,0.044389204545454544,24.165482954545457
198,16,0.04734848484848485,24.212831439393938
199,21,0.06214488636363636,24.274976325757574
200,12,0.03551136363636364,24.310487689393938
201,18,0.05326704545454545,24.363754734848484
202,21,0.06214488636363636,24.42589962121212
203,11,0.03255208333333333,24.458451704545457
204,18,0.05326704545454545,24.51171875
205,19,0.05622632575757576,24.567945075757574
206,13,0.038470643939393936,24.60641571969697
207,10,0.029592803030303032,24.636008522727273
208,19,0.05622632575757576,24.692234848484848
209,17,0.05030776515151515,24.742542613636363
210,21,0.06214488636363636,24.8046875
211,13,0.038470643939393936,24.843158143939394
212,15,0.044389204545454544,24.887547348484848
213,11,0.03255208333333333,24.920099431818183
214,7,0.02071496212121212,24.940814393939394
215,12,0.03551136363636364,24.976325757575758
216,24,0.07102272727272728,25.047348484848484
217,15,0.044389204545454544,25.091737689393938
218,12,0.03551136363636364,25.127249053030305
219,26,0.07694128787878787,25.20419034090909
220,8,0.023674242424242424,25.227864583333332
221,16,0.04734848484848485,25.275213068181817
222,12,0.03551136363636364,25.310724431818183
223,10,0.029592803030303032,25.340317234848484
224,8,0.023674242424242424,25.36399147727273
225,14,0.04142992424242424,25.40542140151515
226,10,0.029592803030303032,25.435014204545453
227,14,0.04142992424242424,25.47644412878788
228,14,0.04142992424242424,25.517874053030305
229,17,0.05030776515151515,25.568181818181817
230,14,0.04142992424242424,25.609611742424242
231,21,0.06214488636363636,25.67175662878788
232,10,0.029592803030303032,25.701349431818183
233,10,0.029592803030303032,25.730942234848484
234,8,0.023674242424242424,25.75461647727273
235,12,0.03551136363636364,25.79012784090909
236,28,0.08285984848484848,25.872987689393938
237,11,0.03255208333333333,25.90553977272727
238,8,0.023674242424242424,25.929214015151516
239,10,0.029592803030303032,25.958806818181817
240,10,0.029592803030303032,25.98839962121212
241,8,0.023674242424242424,26.012073863636363
242,12,0.03551136363636364,26.04758522727273
243,10,0.029592803030303032,26.077178030303028
244,17,0.05030776515151515,26.127485795454547
245,16,0.04734848484848485,26.174834280303028
246,9,0.026633522727272724,26.201467803030305
247,7,0.02071496212121212,26.222182765151516
248,10,0.029592803030303032,26.251775568181817
249,11,0.03255208333333333,26.28432765151515
250,7,0.02071496212121212,26.305042613636363
251,13,0.038470643939393936,26.343513257575758
252,10,0.029592803030303032,26.373106060606062
253,6,0.01775568181818182,26.390861742424242
254,11,0.03255208333333333,26.423413825757574
255,9,0.026633522727272724,26.45004734848485
256,19,0.05622632575757576,26.506273674242426
257,5,0.014796401515151516,26.521070075757574
258,11,0.03255208333333333,26.55362215909091
259,15,0.044389204545454544,26.598011363636363
260,6,0.01775568181818182,26.615767045454547
261,15,0.044389204545454544,26.66015625
262,10,0.029592803030303032,26.689749053030305
263,10,0.029592803030303032,26.71934185606061
264,20,0.059185606060606064,26.77852746212121
265,15,0.044389204545454544,26.822916666666668
266,10,0.029592803030303032,26.852509469696972
267,10,0.029592803030303032,26.88210227272727
268,13,0.038470643939393936,26.920572916666668
269,15,0.044389204545454544,26.96496212121212
270,8,0.023674242424242424,26.988636363636363
271,8,0.023674242424242424,27.01231060606061
272,9,0.026633522727272724,27.03894412878788
273,7,0.02071496212121212,27.05965909090909
274,6,0.01775568181818182,27.07741477272727
275,7,0.02071496212121212,27.098129734848484
276,8,0.023674242424242424,27.12180397727273
277,15,0.044389204545454544,27.166193181818183
278,9,0.026633522727272724,27.192826704545453
279,2,0.005918560606060606,27.198745265151516
280,8,0.023674242424242424,27.222419507575758
281,10,0.029592803030303032,27.252012310606062
282,11,0.03255208333333333,27.28456439393939
283,8,0.023674242424242424,27.308238636363637
284,7,0.02071496212121212,27.32895359848485
285,8,0.023674242424242424,27.35262784090909
286,12,0.03551136363636364,27.388139204545453
287,12,0.03551136363636364,27.423650568181817
288,5,0.014796401515151516,27.438446969696972
289,6,0.01775568181818182,27.45620265151515
290,7,0.02071496212121212,27.476917613636363
291,13,0.038470643939393936,27.515388257575758
292,9,0.026633522727272724,27.542021780303028
293,7,0.02071496212121212,27.562736742424242
294,11,0.03255208333333333,27.595288825757574
295,14,0.04142992424242424,27.63671875
296,13,0.038470643939393936,27.67518939393939
297,17,0.05030776515151515,27.72549715909091
298,11,0.03255208333333333,27.758049242424242
299,11,0.03255208333333333,27.790601325757574
300,14,0.04142992424242424,27.83203125
301,6,0.01775568181818182,27.849786931818183
302,17,0.05030776515151515,27.900094696969695
303,8,0.023674242424242424,27.923768939393938
304,7,0.02071496212121212,27.94448390151515
305,10,0.029592803030303032,27.974076704545453
306,14,0.04142992424242424,28.01550662878788
307,12,0.03551136363636364,28.051017992424242
308,6,0.01775568181818182,28.068773674242426
309,5,0.014796401515151516,28.083570075757574
310,14,0.04142992424242424,28.125
311,6,0.01775568181818182,28.142755681818183
312,11,0.03255208333333333,28.175307765151516
313,10,0.029592803030303032,28.204900568181817
314,3,0.00887784090909091,28.21377840909091
315,19,0.05622632575757576,28.270004734848484
316,13,0.038470643939393936,28.30847537878788
317,15,0.044389204545454544,28.352864583333332
318,8,0.023674242424242424,28.376538825757574
319,10,0.029592803030303032,28.40613162878788
320,13,0.038470643939393936,28.44460227272727
321,7,0.02071496212121212,28.465317234848484
322,20,0.059185606060606064,28.52450284090909
323,4,0.011837121212121212,28.53633996212121
324,7,0.02071496212121212,28.557054924242426
325,17,0.05030776515151515,28.607362689393938
326,12,0.03551136363636364,28.642874053030305
327,4,0.011837121212121212,28.654711174242426
328,6,0.01775568181818182,28.67246685606061
329,12,0.03551136363636364,28.707978219696972
330,12,0.03551136363636364,28.743489583333332
331,5,0.014796401515151516,28.758285984848484
332,7,0.02071496212121212,28.779000946969695
333,4,0.011837121212121212,28.790838068181817
334,6,0.01775568181818182,28.80859375
335,4,0.011837121212121212,28.82043087121212
336,8,0.023674242424242424,28.844105113636363
337,6,0.01775568181818182,28.861860795454547
338,6,0.01775568181818182,28.87961647727273
339,7,0.02071496212121212,28.900331439393938
340,15,0.044389204545454544,28.94472064393939
341,5,0.014796401515151516,28.959517045454547
342,6,0.01775568181818182,28.97727272727273
343,2,0.005918560606060606,28.98319128787879
344,4,0.011837121212121212,28.99502840909091
345,9,0.026633522727272724,29.021661931818183
346,6,0.01775568181818182,29.039417613636363
347,2,0.005918560606060606,29.045336174242426
348,13,0.038470643939393936,29.083806818181817
349,8,0.023674242424242424,29.107481060606062
350,4,0.011837121212121212,29.119318181818183
351,6,0.01775568181818182,29.137073863636363
352,26,0.07694128787878787,29.21401515151515
353,21,0.06214488636363636,29.27616003787879
354,13,0.038470643939393936,29.314630681818183
355,16,0.04734848484848485,29.361979166666668
356,4,0.011837121212121212,29.37381628787879
357,6,0.01775568181818182,29.391571969696972
358,1,0.002959280303030303,29.39453125
359,7,0.02071496212121212,29.41524621212121
360,9,0.026633522727272724,29.441879734848484
361,8,0.023674242424242424,29.46555397727273
362,2,0.005918560606060606,29.47147253787879
363,2,0.005918560606060606,29.47739109848485
364,12,0.03551136363636364,29.51290246212121
365,4,0.011837121212121212,29.524739583333332
366,7,0.02071496212121212,29.545454545454547
367,3,0.00887784090909091,29.554332386363637
368,5,0.014796401515151516,29.56912878787879
369,5,0.014796401515151516,29.583925189393938
370,4,0.011837121212121212,29.595762310606062
371,8,0.023674242424242424,29.619436553030305
372,5,0.014796401515151516,29.634232954545453
373,9,0.026633522727272724,29.66086647727273
374,7,0.02071496212121212,29.681581439393938
375,9,0.026633522727272724,29.70821496212121
376,8,0.023674242424242424,29.731889204545453
377,6,0.01775568181818182,29.749644886363637
378,16,0.04734848484848485,29.79699337121212
379,5,0.014796401515151516,29.81178977272727
380,4,0.011837121212121212,29.82362689393939
381,5,0.014796401515151516,29.838423295454547
382,20,0.059185606060606064,29.89760890151515
383,6,0.01775568181818182,29.915364583333332
384,4,0.011837121212121212,29.927201704545453
385,14,0.04142992424242424,29.96863162878788
386,8,0.023674242424242424,29.99230587121212
387,5,0.014796401515151516,30.00710227272727
388,5,0.014796401515151516,30.021898674242426
389,4,0.011837121212121212,30.033735795454547
390,7,0.02071496212121212,30.054450757575758
391,6,0.01775568181818182,30.072206439393938
392,9,0.026633522727272724,30.09883996212121
393,11,0.03255208333333333,30.131392045454547
394,1,0.002959280303030303,30.134351325757574
395,4,0.011837121212121212,30.146188446969695
396,5,0.014796401515151516,30.16098484848485
397,6,0.01775568181818182,30.178740530303028
398,11,0.03255208333333333,30.211292613636363
399,6,0.01775568181818182,30.229048295454547
400,3,0.00887784090909091,30.237926136363637
401,15,0.044389204545454544,30.28231534090909
402,8,0.023674242424242424,30.305989583333332
403,2,0.005918560606060606,30.31190814393939
404,5,0.014796401515151516,30.326704545454547
405,7,0.02071496212121212,30.347419507575758
406,2,0.005918560606060606,30.353338068181817
407,9,0.026633522727272724,30.37997159090909
408,14,0.04142992424242424,30.421401515151516
409,2,0.005918560606060606,30.427320075757574
410,3,0.00887784090909091,30.436197916666668
411,6,0.01775568181818182,30.45395359848485
412,2,0.005918560606060606,30.45987215909091
413,6,0.01775568181818182,30.47762784090909
414,6,0.01775568181818182,30.49538352272727
415,8,0.023674242424242424,30.519057765151516
416,4,0.011837121212121212,30.530894886363637
417,9,0.026633522727272724,30.55752840909091
418,5,0.014796401515151516,30.572324810606062
419,3,0.00887784090909091,30.58120265151515
420,5,0.014796401515151516,30.595999053030305
421,9,0.026633522727272724,30.622632575757574
422,6,0.01775568181818182,30.640388257575758
423,6,0.01775568181818182,30.658143939393938
424,3,0.00887784090909091,30.667021780303028
425,5,0.014796401515151516,30.681818181818183
426,2,0.005918560606060606,30.687736742424242
427,8,0.023674242424242424,30.711410984848484
428,10,0.029592803030303032,30.74100378787879
429,3,0.00887784090909091,30.74988162878788
431,9,0.026633522727272724,30.77651515151515
432,7,0.02071496212121212,30.797230113636363
433,4,0.011837121212121212,30.809067234848484
434,3,0.00887784090909091,30.817945075757574
435,5,0.014796401515151516,30.83274147727273
436,4,0.011837121212121212,30.84457859848485
437,2,0.005918560606060606,30.85049715909091
438,10,0.029592803030303032,30.88008996212121
439,2,0.005918560606060606,30.88600852272727
440,17,0.05030776515151515,30.93631628787879
441,4,0.011837121212121212,30.94815340909091
442,8,0.023674242424242424,30.97182765151515
443,11,0.03255208333333333,31.004379734848484
444,11,0.03255208333333333,31.036931818181817
445,4,0.011837121212121212,31.048768939393938
446,9,0.026633522727272724,31.07540246212121
447,11,0.03255208333333333,31.107954545454547
449,10,0.029592803030303032,31.13754734848485
450,4,0.011837121212121212,31.149384469696972
451,8,0.023674242424242424,31.17305871212121
452,3,0.00887784090909091,31.181936553030305
454,5,0.014796401515151516,31.196732954545453
455,3,0.00887784090909091,31.205610795454547
456,9,0.026633522727272724,31.232244318181817
457,9,0.026633522727272724,31.25887784090909
458,5,0.014796401515151516,31.273674242424242
459,7,0.02071496212121212,31.294389204545453
460,2,0.005918560606060606,31.300307765151516
461,3,0.00887784090909091,31.30918560606061
462,3,0.00887784090909091,31.318063446969695
463,6,0.01775568181818182,31.33581912878788
464,7,0.02071496212121212,31.35653409090909
465,7,0.02071496212121212,31.377249053030305
466,2,0.005918560606060606,31.383167613636363
467,4,0.011837121212121212,31.395004734848484
468,18,0.05326704545454545,31.448271780303028
469,8,0.023674242424242424,31.47194602272727
470,3,0.00887784090909091,31.480823863636363
471,5,0.014796401515151516,31.495620265151516
472,3,0.00887784090909091,31.50449810606061
473,1,0.002959280303030303,31.507457386363637
474,1,0.002959280303030303,31.510416666666668
475,7,0.02071496212121212,31.53113162878788
476,11,0.03255208333333333,31.56368371212121
477,12,0.03551136363636364,31.599195075757574
478,6,0.01775568181818182,31.616950757575758
479,9,0.026633522727272724,31.643584280303028
480,6,0.01775568181818182,31.66133996212121
481,2,0.005918560606060606,31.66725852272727
482,7,0.02071496212121212,31.687973484848484
483,5,0.014796401515151516,31.702769886363637
484,1,0.002959280303030303,31.705729166666668
485,10,0.029592803030303032,31.735321969696972
486,3,0.00887784090909091,31.744199810606062
487,4,0.011837121212121212,31.756036931818183
488,10,0.029592803030303032,31.785629734848484
489,2,0.005918560606060606,31.791548295454547
490,3,0.00887784090909091,31.800426136363637
491,5,0.014796401515151516,31.81522253787879
492,3,0.00887784090909091,31.82410037878788
493,1,0.002959280303030303,31.82705965909091
494,1,0.002959280303030303,31.830018939393938
495,2,0.005918560606060606,31.8359375
496,6,0.01775568181818182,31.853693181818183
497,3,0.00887784090909091,31.86257102272727
498,3,0.00887784090909091,31.871448863636363
499,5,0.014796401515151516,31.886245265151516
500,5,0.014796401515151516,31.901041666666668
501,2,0.005918560606060606,31.90696022727273
502,4,0.011837121212121212,31.91879734848485
503,5,0.014796401515151516,31.93359375
504,5,0.014796401515151516,31.94839015151515
505,3,0.00887784090909091,31.957267992424242
506,4,0.011837121212121212,31.969105113636363
507,10,0.029592803030303032,31.998697916666668
508,3,0.00887784090909091,32.00757575757576
509,3,0.00887784090909091,32.01645359848485
510,6,0.01775568181818182,32.03420928030303
511,4,0.011837121212121212,32.04604640151515
512,5,0.014796401515151516,32.060842803030305
513,10,0.029592803030303032,32.09043560606061
514,3,0.00887784090909091,32.099313446969695
515,8,0.023674242424242424,32.12298768939394
516,4,0.011837121212121212,32.13482481060606
517,2,0.005918560606060606,32.140743371212125
518,4,0.011837121212121212,32.15258049242424
519,9,0.026633522727272724,32.179214015151516
520,3,0.00887784090909091,32.18809185606061
521,5,0.014796401515151516,32.20288825757576
522,6,0.01775568181818182,32.22064393939394
523,9,0.026633522727272724,32.24727746212121
524,4,0.011837121212121212,32.25911458333333
525,7,0.02071496212121212,32.27982954545455
526,4,0.011837121212121212,32.29166666666667
527,2,0.005918560606060606,32.29758522727273
528,5,0.014796401515151516,32.312381628787875
529,2,0.005918560606060606,32.31830018939394
530,13,0.038470643939393936,32.35677083333333
531,3,0.00887784090909091,32.36564867424242
532,9,0.026633522727272724,32.392282196969695
533,1,0.002959280303030303,32.39524147727273
534,5,0.014796401515151516,32.410037878787875
535,10,0.029592803030303032,32.43963068181818
536,2,0.005918560606060606,32.44554924242424
537,6,0.01775568181818182,32.46330492424242
538,11,0.03255208333333333,32.49585700757576
539,2,0.005918560606060606,32.50177556818182
540,3,0.00887784090909091,32.510653409090914
541,4,0.011837121212121212,32.52249053030303
542,7,0.02071496212121212,32.54320549242424
544,12,0.03551136363636364,32.57871685606061
545,4,0.011837121212121212,32.59055397727273
546,4,0.011837121212121212,32.60239109848485
547,6,0.01775568181818182,32.62014678030303
548,4,0.011837121212121212,32.63198390151515
549,3,0.00887784090909091,32.64086174242424
550,4,0.011837121212121212,32.65269886363637
551,4,0.011837121212121212,32.664535984848484
552,6,0.01775568181818182,32.68229166666667
553,1,0.002959280303030303,32.685250946969695
554,9,0.026633522727272724,32.71188446969697
555,11,0.03255208333333333,32.744436553030305
556,10,0.029592803030303032,32.77402935606061
557,6,0.01775568181818182,32.79178503787879
558,11,0.03255208333333333,32.824337121212125
559,4,0.011837121212121212,32.83617424242424
560,2,0.005918560606060606,32.842092803030305
561,2,0.005918560606060606,32.84801136363637
562,14,0.04142992424242424,32.88944128787879
563,1,0.002959280303030303,32.89240056818182
564,2,0.005918560606060606,32.898319128787875
565,2,0.005918560606060606,32.90423768939394
566,2,0.005918560606060606,32.91015625
568,1,0.002959280303030303,32.91311553030303
569,1,0.002959280303030303,32.91607481060606
570,8,0.023674242424242424,32.939749053030305
571,2,0.005918560606060606,32.94566761363637
572,2,0.005918560606060606,32.95158617424242
574,8,0.023674242424242424,32.97526041666667
575,1,0.002959280303030303,32.978219696969695
576,8,0.023674242424242424,33.00189393939394
578,4,0.011837121212121212,33.01373106060606
580,8,0.023674242424242424,33.037405303030305
581,2,0.005918560606060606,33.04332386363637
582,4,0.011837121212121212,33.055160984848484
583,2,0.005918560606060606,33.06107954545455
584,2,0.005918560606060606,33.06699810606061
585,3,0.00887784090909091,33.075875946969695
586,7,0.02071496212121212,33.096590909090914
587,3,0.00887784090909091,33.10546875
588,2,0.005918560606060606,33.11138731060606
589,6,0.01775568181818182,33.12914299242424
590,12,0.03551136363636364,33.16465435606061
591,1,0.002959280303030303,33.16761363636363
593,1,0.002959280303030303,33.17057291666667
594,1,0.002959280303030303,33.173532196969695
595,4,0.011837121212121212,33.18536931818182
596,3,0.00887784090909091,33.194247159090914
597,6,0.01775568181818182,33.212002840909086
598,1,0.002959280303030303,33.214962121212125
599,2,0.005918560606060606,33.22088068181818
600,4,0.011837121212121212,33.232717803030305
601,1,0.002959280303030303,33.23567708333333
602,1,0.002959280303030303,33.23863636363637
604,9,0.026633522727272724,33.26526988636363
605,12,0.03551136363636364,33.30078125
606,7,0.02071496212121212,33.32149621212121
607,3,0.00887784090909091,33.330374053030305
608,6,0.01775568181818182,33.348129734848484
609,2,0.005918560606060606,33.35404829545455
610,5,0.014796401515151516,33.368844696969695
611,3,0.00887784090909091,33.37772253787879
612,4,0.011837121212121212,33.389559659090914
613,1,0.002959280303030303,33.39251893939394
614,6,0.01775568181818182,33.410274621212125
615,5,0.014796401515151516,33.42507102272727
616,4,0.011837121212121212,33.43690814393939
617,16,0.04734848484848485,33.484256628787875
618,3,0.00887784090909091,33.49313446969697
619,1,0.002959280303030303,33.49609375
620,5,0.014796401515151516,33.51089015151515
621,1,0.002959280303030303,33.51384943181818
622,5,0.014796401515151516,33.52864583333333
623,2,0.005918560606060606,33.53456439393939
624,4,0.011837121212121212,33.546401515151516
625,3,0.00887784090909091,33.55527935606061
626,2,0.005918560606060606,33.56119791666667
627,3,0.00887784090909091,33.57007575757576
628,3,0.00887784090909091,33.57895359848485
629,14,0.04142992424242424,33.62038352272727
630,3,0.00887784090909091,33.62926136363637
631,5,0.014796401515151516,33.644057765151516
632,2,0.005918560606060606,33.64997632575758
633,3,0.00887784090909091,33.65885416666667
634,2,0.005918560606060606,33.66477272727273
635,9,0.026633522727272724,33.69140625
636,4,0.011837121212121212,33.703243371212125
637,1,0.002959280303030303,33.70620265151515
638,8,0.023674242424242424,33.72987689393939
639,6,0.01775568181818182,33.74763257575758
640,12,0.03551136363636364,33.78314393939394
641,2,0.005918560606060606,33.7890625
642,2,0.005918560606060606,33.79498106060606
643,3,0.00887784090909091,33.80385890151515
644,1,0.002959280303030303,33.80681818181818
645,1,0.002959280303030303,33.80977746212121
646,7,0.02071496212121212,33.83049242424242
647,4,0.011837121212121212,33.84232954545455
649,1,0.002959280303030303,33.84528882575758
650,1,0.002959280303030303,33.84824810606061
651,4,0.011837121212121212,33.86008522727273
652,2,0.005918560606060606,33.86600378787879
653,7,0.02071496212121212,33.88671875
654,2,0.005918560606060606,33.89263731060606
655,2,0.005918560606060606,33.898555871212125
656,2,0.005918560606060606,33.90447443181818
658,4,0.011837121212121212,33.916311553030305
659,2,0.005918560606060606,33.92223011363637
660,1,0.002959280303030303,33.92518939393939
661,7,0.02071496212121212,33.94590435606061
662,3,0.00887784090909091,33.954782196969695
663,4,0.011837121212121212,33.96661931818182
664,10,0.029592803030303032,33.996212121212125
665,4,0.011837121212121212,34.00804924242424
666,2,0.005918560606060606,34.013967803030305
667,1,0.002959280303030303,34.01692708333333
668,4,0.011837121212121212,34.02876420454545
669,1,0.002959280303030303,34.031723484848484
670,1,0.002959280303030303,34.034682765151516
671,9,0.026633522727272724,34.06131628787879
672,2,0.005918560606060606,34.06723484848485
673,1,0.002959280303030303,34.070194128787875
674,1,0.002959280303030303,34.073153409090914
675,4,0.011837121212121212,34.08499053030303
676,4,0.011837121212121212,34.09682765151515
677,2,0.005918560606060606,34.10274621212121
678,2,0.005918560606060606,34.10866477272727
679,4,0.011837121212121212,34.12050189393939
680,1,0.002959280303030303,34.12346117424242
681,1,0.002959280303030303,34.12642045454545
682,7,0.02071496212121212,34.14713541666667
683,2,0.005918560606060606,34.15305397727273
684,8,0.023674242424242424,34.17672821969697
685,1,0.002959280303030303,34.1796875
686,9,0.026633522727272724,34.20632102272727
687,2,0.005918560606060606,34.21223958333333
688,6,0.01775568181818182,34.229995265151516
690,1,0.002959280303030303,34.23295454545455
691,3,0.00887784090909091,34.24183238636363
692,1,0.002959280303030303,34.24479166666667
693,2,0.005918560606060606,34.25071022727273
694,9,0.026633522727272724,34.27734375
695,2,0.005918560606060606,34.28326231060606
696,3,0.00887784090909091,34.29214015151515
699,2,0.005918560606060606,34.29805871212121
700,4,0.011837121212121212,34.30989583333333
701,9,0.026633522727272724,34.33652935606061
702,3,0.00887784090909091,34.345407196969695
703,1,0.002959280303030303,34.34836647727273
704,2,0.005918560606060606,34.35428503787879
705,3,0.00887784090909091,34.363162878787875
706,8,0.023674242424242424,34.386837121212125
707,7,0.02071496212121212,34.40755208333333
708,4,0.011837121212121212,34.41938920454545
709,4,0.011837121212121212,34.43122632575758
710,1,0.002959280303030303,34.43418560606061
711,4,0.011837121212121212,34.44602272727273
712,1,0.002959280303030303,34.44898200757576
713,4,0.011837121212121212,34.460819128787875
714,1,0.002959280303030303,34.463778409090914
716,1,0.002959280303030303,34.46673768939394
718,3,0.00887784090909091,34.47561553030303
719,2,0.005918560606060606,34.481534090909086
720,6,0.01775568181818182,34.49928977272727
721,2,0.005918560606060606,34.50520833333333
722,10,0.029592803030303032,34.53480113636363
723,2,0.005918560606060606,34.540719696969695
724,10,0.029592803030303032,34.5703125
725,4,0.011837121212121212,34.582149621212125
726,9,0.026633522727272724,34.60878314393939
727,5,0.014796401515151516,34.62357954545455
728,1,0.002959280303030303,34.62653882575758
729,8,0.023674242424242424,34.65021306818182
730,7,0.02071496212121212,34.67092803030303
731,15,0.044389204545454544,34.715317234848484
732,1,0.002959280303030303,34.718276515151516
733,4,0.011837121212121212,34.73011363636363
734,1,0.002959280303030303,34.73307291666667
735,3,0.00887784090909091,34.74195075757576
736,1,0.002959280303030303,34.74491003787879
737,2,0.005918560606060606,34.75082859848485
738,6,0.01775568181818182,34.76858428030303
739,2,0.005918560606060606,34.774502840909086
740,7,0.02071496212121212,34.795217803030305
741,7,0.02071496212121212,34.815932765151516
742,3,0.00887784090909091,34.82481060606061
743,6,0.01775568181818182,34.84256628787879
744,1,0.002959280303030303,34.84552556818182
745,2,0.005918560606060606,34.851444128787875
746,3,0.00887784090909091,34.86032196969697
747,1,0.002959280303030303,34.86328125
749,2,0.005918560606060606,34.86919981060606
750,1,0.002959280303030303,34.872159090909086
751,8,0.023674242424242424,34.89583333333333
752,4,0.011837121212121212,34.90767045454545
753,10,0.029592803030303032,34.93726325757576
754,1,0.002959280303030303,34.94022253787879
755,2,0.005918560606060606,34.94614109848485
756,3,0.00887784090909091,34.95501893939394
757,1,0.002959280303030303,34.95797821969697
758,1,0.002959280303030303,34.9609375
759,2,0.005918560606060606,34.96685606060606
760,2,0.005918560606060606,34.972774621212125
761,3,0.00887784090909091,34.98165246212121
762,2,0.005918560606060606,34.98757102272727
763,3,0.00887784090909091,34.99644886363637
764,2,0.005918560606060606,35.00236742424242
765,2,0.005918560606060606,35.008285984848484
766,8,0.023674242424242424,35.03196022727273
767,7,0.02071496212121212,35.05267518939394
768,2,0.005918560606060606,35.05859375
769,6,0.01775568181818182,35.07634943181818
770,1,0.002959280303030303,35.07930871212121
771,2,0.005918560606060606,35.08522727272727
772,3,0.00887784090909091,35.09410511363637
773,8,0.023674242424242424,35.11777935606061
774,1,0.002959280303030303,35.12073863636363
776,4,0.011837121212121212,35.13257575757576
777,3,0.00887784090909091,35.14145359848485
778,14,0.04142992424242424,35.18288352272727
779,7,0.02071496212121212,35.203598484848484
780,6,0.01775568181818182,35.22135416666667
781,1,0.002959280303030303,35.224313446969695
782,2,0.005918560606060606,35.23023200757576
783,2,0.005918560606060606,35.23615056818182
784,1,0.002959280303030303,35.23910984848485
785,1,0.002959280303030303,35.242069128787875
786,8,0.023674242424242424,35.265743371212125
787,1,0.002959280303030303,35.26870265151515
790,1,0.002959280303030303,35.27166193181818
791,7,0.02071496212121212,35.29237689393939
792,3,0.00887784090909091,35.301254734848484
793,3,0.00887784090909091,35.31013257575758
796,2,0.005918560606060606,35.31605113636363
797,1,0.002959280303030303,35.31901041666667
798,9,0.026633522727272724,35.34564393939394
799,2,0.005918560606060606,35.3515625
800,1,0.002959280303030303,35.35452178030303
802,2,0.005918560606060606,35.360440340909086
803,3,0.00887784090909091,35.36931818181818
804,7,0.02071496212121212,35.39003314393939
805,1,0.002959280303030303,35.39299242424242
808,2,0.005918560606060606,35.398910984848484
810,7,0.02071496212121212,35.419625946969695
811,8,0.023674242424242424,35.44330018939394
813,1,0.002959280303030303,35.44625946969697
814,6,0.01775568181818182,35.46401515151515
816,10,0.029592803030303032,35.49360795454545
817,2,0.005918560606060606,35.499526515151516
818,2,0.005918560606060606,35.50544507575758
819,9,0.026633522727272724,35.53207859848485
820,10,0.029592803030303032,35.56167140151515
821,6,0.01775568181818182,35.57942708333333
822,4,0.011837121212121212,35.59126420454545
823,5,0.014796401515151516,35.60606060606061
824,2,0.005918560606060606,35.61197916666667
825,1,0.002959280303030303,35.614938446969695
826,1,0.002959280303030303,35.61789772727273
827,4,0.011837121212121212,35.62973484848485
828,1,0.002959280303030303,35.632694128787875
829,2,0.005918560606060606,35.63861268939394
832,1,0.002959280303030303,35.64157196969697
833,2,0.005918560606060606,35.64749053030303
834,17,0.05030776515151515,35.69779829545455
835,2,0.005918560606060606,35.70371685606061
837,3,0.00887784090909091,35.712594696969695
839,7,0.02071496212121212,35.733309659090914
840,1,0.002959280303030303,35.73626893939394
842,7,0.02071496212121212,35.75698390151515
843,12,0.03551136363636364,35.792495265151516
846,8,0.023674242424242424,35.81616950757576
847,10,0.029592803030303032,35.84576231060606
848,1,0.002959280303030303,35.848721590909086
849,1,0.002959280303030303,35.851680871212125
850,8,0.023674242424242424,35.87535511363637
851,8,0.023674242424242424,35.89902935606061
852,1,0.002959280303030303,35.90198863636363
853,2,0.005918560606060606,35.907907196969695
855,3,0.00887784090909091,35.91678503787879
856,1,0.002959280303030303,35.91974431818182
857,2,0.005918560606060606,35.925662878787875
859,1,0.002959280303030303,35.928622159090914
860,1,0.002959280303030303,35.93158143939394
861,2,0.005918560606060606,35.9375
862,6,0.01775568181818182,35.95525568181818
863,2,0.005918560606060606,35.96117424242424
864,13,0.038470643939393936,35.99964488636363
865,2,0.005918560606060606,36.005563446969695
866,2,0.005918560606060606,36.01148200757576
868,2,0.005918560606060606,36.01740056818182
871,4,0.011837121212121212,36.02923768939394
872,2,0.005918560606060606,36.03515625
873,3,0.00887784090909091,36.044034090909086
874,2,0.005918560606060606,36.04995265151515
875,1,0.002959280303030303,36.05291193181818
876,13,0.038470643939393936,36.09138257575758
879,2,0.005918560606060606,36.09730113636363
880,3,0.00887784090909091,36.10617897727273
881,1,0.002959280303030303,36.10913825757576
882,6,0.01775568181818182,36.12689393939394
883,1,0.002959280303030303,36.12985321969697
884,2,0.005918560606060606,36.13577178030303
885,13,0.038470643939393936,36.17424242424242
886,2,0.005918560606060606,36.180160984848484
887,6,0.01775568181818182,36.19791666666667
889,3,0.00887784090909091,36.20679450757576
890,6,0.01775568181818182,36.22455018939394
891,2,0.005918560606060606,36.23046875
892,3,0.00887784090909091,36.239346590909086
893,3,0.00887784090909091,36.24822443181818
894,7,0.02071496212121212,36.26893939393939
895,6,0.01775568181818182,36.28669507575758
896,12,0.03551136363636364,36.32220643939394
897,1,0.002959280303030303,36.32516571969697
898,2,0.005918560606060606,36.33108428030303
900,8,0.023674242424242424,36.35475852272727
901,7,0.02071496212121212,36.375473484848484
902,2,0.005918560606060606,36.38139204545455
904,1,0.002959280303030303,36.38435132575758
906,3,0.00887784090909091,36.39322916666667
907,1,0.002959280303030303,36.396188446969695
909,6,0.01775568181818182,36.413944128787875
911,6,0.01775568181818182,36.43169981060606
912,9,0.026633522727272724,36.45833333333333
913,7,0.02071496212121212,36.47904829545455
915,8,0.023674242424242424,36.50272253787879
917,3,0.00887784090909091,36.511600378787875
918,2,0.005918560606060606,36.51751893939394
919,3,0.00887784090909091,36.52639678030303
920,3,0.00887784090909091,36.535274621212125
921,1,0.002959280303030303,36.53823390151515
923,1,0.002959280303030303,36.54119318181818
924,3,0.00887784090909091,36.55007102272727
926,2,0.005918560606060606,36.55598958333333
928,2,0.005918560606060606,36.56190814393939
929,8,0.023674242424242424,36.58558238636363
931,6,0.01775568181818182,36.60333806818182
932,1,0.002959280303030303,36.60629734848485
933,1,0.002959280303030303,36.609256628787875
935,6,0.01775568181818182,36.62701231060606
937,3,0.00887784090909091,36.63589015151515
939,9,0.026633522727272724,36.66252367424242
940,4,0.011837121212121212,36.67436079545455
941,1,0.002959280303030303,36.67732007575758
942,3,0.00887784090909091,36.68619791666667
944,6,0.01775568181818182,36.70395359848485
945,7,0.02071496212121212,36.72466856060606
947,2,0.005918560606060606,36.730587121212125
948,6,0.01775568181818182,36.748342803030305
952,2,0.005918560606060606,36.75426136363637
953,1,0.002959280303030303,36.75722064393939
954,6,0.01775568181818182,36.77497632575758
955,2,0.005918560606060606,36.78089488636363
957,6,0.01775568181818182,36.79865056818182
958,6,0.01775568181818182,36.81640625
959,6,0.01775568181818182,36.83416193181818
960,8,0.023674242424242424,36.85783617424242
962,7,0.02071496212121212,36.87855113636363
963,1,0.002959280303030303,36.88151041666667
965,3,0.00887784090909091,36.89038825757576
966,1,0.002959280303030303,36.89334753787879
968,1,0.002959280303030303,36.89630681818182
969,1,0.002959280303030303,36.89926609848485
971,8,0.023674242424242424,36.922940340909086
972,3,0.00887784090909091,36.93181818181818
973,3,0.00887784090909091,36.94069602272727
974,14,0.04142992424242424,36.982125946969695
975,2,0.005918560606060606,36.98804450757576
976,1,0.002959280303030303,36.99100378787879
977,1,0.002959280303030303,36.99396306818182
978,2,0.005918560606060606,36.999881628787875
980,2,0.005918560606060606,37.00580018939394
981,3,0.00887784090909091,37.01467803030303
983,1,0.002959280303030303,37.01763731060606
984,6,0.01775568181818182,37.03539299242424
985,7,0.02071496212121212,37.05610795454545
986,3,0.00887784090909091,37.06498579545455
987,1,0.002959280303030303,37.06794507575758
988,2,0.005918560606060606,37.07386363636363
989,1,0.002959280303030303,37.07682291666667
992,1,0.002959280303030303,37.079782196969695
993,10,0.029592803030303032,37.109375
994,3,0.00887784090909091,37.118252840909086
996,3,0.00887784090909091,37.12713068181818
997,8,0.023674242424242424,37.15080492424242
998,1,0.002959280303030303,37.15376420454545
999,1,0.002959280303030303,37.156723484848484
1002,1,0.002959280303030303,37.159682765151516
1003,1,0.002959280303030303,37.16264204545455
1004,1,0.002959280303030303,37.16560132575758
1007,1,0.002959280303030303,37.16856060606061
1008,1,0.002959280303030303,37.17151988636363
1012,1,0.002959280303030303,37.17447916666667
1014,1,0.002959280303030303,37.177438446969695
1016,1,0.002959280303030303,37.18039772727273
1017,1,0.002959280303030303,37.18335700757576
1020,1,0.002959280303030303,37.18631628787879
1021,2,0.005918560606060606,37.19223484848485
1022,3,0.00887784090909091,37.20111268939394
1024,2,0.005918560606060606,37.20703125
1027,1,0.002959280303030303,37.20999053030303
1028,6,0.01775568181818182,37.22774621212121
1029,1,0.002959280303030303,37.23070549242424
1031,7,0.02071496212121212,37.25142045454545
1032,2,0.005918560606060606,37.257339015151516
1033,1,0.002959280303030303,37.26029829545455
1035,7,0.02071496212121212,37.28101325757576
1036,3,0.00887784090909091,37.28989109848485
1037,1,0.002959280303030303,37.292850378787875
1038,9,0.026633522727272724,37.31948390151515
1039,1,0.002959280303030303,37.32244318181818
1041,1,0.002959280303030303,37.32540246212121
1042,1,0.002959280303030303,37.32836174242424
1043,1,0.002959280303030303,37.33132102272727
1045,5,0.014796401515151516,37.34611742424242
1047,2,0.005918560606060606,37.352035984848484
1048,2,0.005918560606060606,37.35795454545455
1050,1,0.002959280303030303,37.36091382575758
1052,1,0.002959280303030303,37.36387310606061
1053,9,0.026633522727272724,37.390506628787875
1054,7,0.02071496212121212,37.411221590909086
1056,12,0.03551136363636364,37.44673295454545
1058,13,0.038470643939393936,37.48520359848485
1059,6,0.01775568181818182,37.50295928030303
1061,5,0.014796401515151516,37.51775568181818
1062,1,0.002959280303030303,37.52071496212121
1064,6,0.01775568181818182,37.53847064393939
1065,7,0.02071496212121212,37.55918560606061
1066,6,0.01775568181818182,37.57694128787879
1068,1,0.002959280303030303,37.57990056818182
1072,1,0.002959280303030303,37.58285984848485
1074,8,0.023674242424242424,37.606534090909086
1075,1,0.002959280303030303,37.609493371212125
1076,1,0.002959280303030303,37.61245265151515
1077,7,0.02071496212121212,37.63316761363637
1078,1,0.002959280303030303,37.63612689393939
1079,6,0.01775568181818182,37.65388257575758
1080,1,0.002959280303030303,37.65684185606061
1081,1,0.002959280303030303,37.65980113636363
1082,1,0.002959280303030303,37.66276041666667
1083,1,0.002959280303030303,37.665719696969695
1087,6,0.01775568181818182,37.683475378787875
1088,1,0.002959280303030303,37.686434659090914
1090,2,0.005918560606060606,37.69235321969697
1091,9,0.026633522727272724,37.71898674242424
1094,1,0.002959280303030303,37.72194602272727
1096,1,0.002959280303030303,37.724905303030305
1098,12,0.03551136363636364,37.76041666666667
1099,1,0.002959280303030303,37.763375946969695
1102,1,0.002959280303030303,37.76633522727273
1103,8,0.023674242424242424,37.79000946969697
1104,1,0.002959280303030303,37.79296875
1106,3,0.00887784090909091,37.801846590909086
1107,7,0.02071496212121212,37.822561553030305
1108,4,0.011837121212121212,37.83439867424242
1112,2,0.005918560606060606,37.840317234848484
1113,1,0.002959280303030303,37.843276515151516
1115,6,0.01775568181818182,37.861032196969695
1116,13,0.038470643939393936,37.899502840909086
1117,1,0.002959280303030303,37.902462121212125
1118,7,0.02071496212121212,37.92317708333333
1119,2,0.005918560606060606,37.92909564393939
1120,8,0.023674242424242424,37.95276988636363
1121,2,0.005918560606060606,37.958688446969695
1122,1,0.002959280303030303,37.96164772727273
1124,1,0.002959280303030303,37.96460700757576
1126,2,0.005918560606060606,37.97052556818182
1129,1,0.002959280303030303,37.97348484848485
1131,6,0.01775568181818182,37.99124053030303
1133,1,0.002959280303030303,37.99419981060606
1134,6,0.01775568181818182,38.01195549242424
1135,7,0.02071496212121212,38.03267045454545
1137,2,0.005918560606060606,38.038589015151516
1138,10,0.029592803030303032,38.06818181818182
1139,12,0.03551136363636364,38.10369318181818
1140,2,0.005918560606060606,38.10961174242424
1142,1,0.002959280303030303,38.11257102272727
1143,3,0.00887784090909091,38.12144886363637
1144,1,0.002959280303030303,38.12440814393939
1145,1,0.002959280303030303,38.12736742424242
1146,1,0.002959280303030303,38.13032670454545
1148,7,0.02071496212121212,38.15104166666667
1149,2,0.005918560606060606,38.15696022727273
1150,1,0.002959280303030303,38.15991950757576
1152,1,0.002959280303030303,38.16287878787879
1155,6,0.01775568181818182,38.18063446969697
1156,2,0.005918560606060606,38.18655303030303
1158,2,0.005918560606060606,38.192471590909086
1160,1,0.002959280303030303,38.195430871212125
1161,1,0.002959280303030303,38.19839015151515
1165,6,0.01775568181818182,38.21614583333333
1167,8,0.023674242424242424,38.23982007575758
1169,1,0.002959280303030303,38.24277935606061
1170,1,0.002959280303030303,38.24573863636363
1172,7,0.02071496212121212,38.26645359848485
1173,1,0.002959280303030303,38.269412878787875
1174,2,0.005918560606060606,38.27533143939394
1175,1,0.002959280303030303,38.27829071969697
1176,6,0.01775568181818182,38.29604640151515
1179,1,0.002959280303030303,38.29900568181818
1180,6,0.01775568181818182,38.31676136363637
1185,1,0.002959280303030303,38.31972064393939
1187,1,0.002959280303030303,38.32267992424242
1189,1,0.002959280303030303,38.32563920454545
1190,1,0.002959280303030303,38.328598484848484
1193,6,0.01775568181818182,38.34635416666667
1194,8,0.023674242424242424,38.370028409090914
1199,6,0.01775568181818182,38.387784090909086
1201,1,0.002959280303030303,38.390743371212125
1206,1,0.002959280303030303,38.39370265151515
1207,1,0.002959280303030303,38.39666193181818
1209,1,0.002959280303030303,38.39962121212121
1212,6,0.01775568181818182,38.41737689393939
1213,1,0.002959280303030303,38.42033617424242
1214,3,0.00887784090909091,38.429214015151516
1215,6,0.01775568181818182,38.446969696969695
1218,1,0.002959280303030303,38.44992897727273
1219,1,0.002959280303030303,38.45288825757576
1220,5,0.014796401515151516,38.467684659090914
1223,6,0.01775568181818182,38.485440340909086
1224,10,0.029592803030303032,38.51503314393939
1228,6,0.01775568181818182,38.53278882575758
1229,13,0.038470643939393936,38.57125946969697
1230,1,0.002959280303030303,38.57421875
1231,1,0.002959280303030303,38.57717803030303
1232,2,0.005918560606060606,38.583096590909086
1237,1,0.002959280303030303,38.586055871212125
1238,1,0.002959280303030303,38.58901515151515
1239,1,0.002959280303030303,38.59197443181818
1241,1,0.002959280303030303,38.59493371212121
1242,7,0.02071496212121212,38.61564867424242
1243,2,0.005918560606060606,38.621567234848484
1244,1,0.002959280303030303,38.624526515151516
1245,1,0.002959280303030303,38.62748579545455
1248,6,0.01775568181818182,38.64524147727273
1249,3,0.00887784090909091,38.65411931818182
1250,6,0.01775568181818182,38.671875
1252,6,0.01775568181818182,38.68963068181818
1254,6,0.01775568181818182,38.70738636363637
1256,1,0.002959280303030303,38.71034564393939
1258,5,0.014796401515151516,38.72514204545455
1260,6,0.01775568181818182,38.74289772727273
1261,1,0.002959280303030303,38.74585700757576
1263,1,0.002959280303030303,38.74881628787879
1265,2,0.005918560606060606,38.75473484848485
1267,1,0.002959280303030303,38.757694128787875
1269,1,0.002959280303030303,38.760653409090914
1273,8,0.023674242424242424,38.78432765151515
1274,6,0.01775568181818182,38.80208333333333
1275,1,0.002959280303030303,38.80504261363637
1277,6,0.01775568181818182,38.82279829545455
1281,1,0.002959280303030303,38.82575757575758
1282,6,0.01775568181818182,38.84351325757576
1284,1,0.002959280303030303,38.84647253787879
1285,6,0.01775568181818182,38.86422821969697
1290,2,0.005918560606060606,38.87014678030303
1293,2,0.005918560606060606,38.876065340909086
1294,2,0.005918560606060606,38.88198390151515
1295,1,0.002959280303030303,38.88494318181818
1296,1,0.002959280303030303,38.88790246212121
1297,1,0.002959280303030303,38.89086174242424
1300,2,0.005918560606060606,38.896780303030305
1301,6,0.01775568181818182,38.914535984848484
1302,1,0.002959280303030303,38.917495265151516
1309,1,0.002959280303030303,38.92045454545455
1311,1,0.002959280303030303,38.92341382575758
1312,13,0.038470643939393936,38.96188446969697
1313,1,0.002959280303030303,38.96484375
1314,1,0.002959280303030303,38.96780303030303
1315,1,0.002959280303030303,38.97076231060606
1317,6,0.01775568181818182,38.98851799242424
1318,2,0.005918560606060606,38.994436553030305
1319,1,0.002959280303030303,38.99739583333333
1321,2,0.005918560606060606,39.00331439393939
1322,1,0.002959280303030303,39.00627367424242
1326,1,0.002959280303030303,39.00923295454545
1327,12,0.03551136363636364,39.04474431818182
1329,1,0.002959280303030303,39.04770359848485
1332,3,0.00887784090909091,39.05658143939394
1334,1,0.002959280303030303,39.05954071969697
1335,8,0.023674242424242424,39.08321496212121
1338,1,0.002959280303030303,39.08617424242424
1341,1,0.002959280303030303,39.08913352272727
1342,1,0.002959280303030303,39.092092803030305
1343,1,0.002959280303030303,39.09505208333333
1346,6,0.01775568181818182,39.112807765151516
1350,1,0.002959280303030303,39.11576704545455
1352,1,0.002959280303030303,39.11872632575758
1354,1,0.002959280303030303,39.12168560606061
1355,5,0.014796401515151516,39.13648200757576
1358,6,0.01775568181818182,39.15423768939394
1359,1,0.002959280303030303,39.15719696969697
1360,1,0.002959280303030303,39.16015625
1362,1,0.002959280303030303,39.16311553030303
1366,2,0.005918560606060606,39.169034090909086
1368,7,0.02071496212121212,39.189749053030305
1369,1,0.002959280303030303,39.19270833333333
1370,1,0.002959280303030303,39.19566761363637
1372,1,0.002959280303030303,39.19862689393939
1374,6,0.01775568181818182,39.21638257575758
1377,1,0.002959280303030303,39.21934185606061
1378,7,0.02071496212121212,39.24005681818182
1380,6,0.01775568181818182,39.2578125
1381,1,0.002959280303030303,39.26077178030303
1383,1,0.002959280303030303,39.26373106060606
1384,1,0.002959280303030303,39.266690340909086
1386,1,0.002959280303030303,39.269649621212125
1388,1,0.002959280303030303,39.27260890151515
1390,6,0.01775568181818182,39.29036458333333
1391,1,0.002959280303030303,39.29332386363637
1392,1,0.002959280303030303,39.29628314393939
1394,2,0.005918560606060606,39.30220170454545
1399,4,0.011837121212121212,39.31403882575758
1400,6,0.01775568181818182,39.33179450757576
1404,1,0.002959280303030303,39.33475378787879
1405,6,0.01775568181818182,39.35250946969697
1406,1,0.002959280303030303,39.35546875
1407,3,0.00887784090909091,39.364346590909086
1409,1,0.002959280303030303,39.367305871212125
1413,1,0.002959280303030303,39.37026515151515
1417,2,0.005918560606060606,39.37618371212121
1418,1,0.002959280303030303,39.37914299242424
1419,6,0.01775568181818182,39.39689867424242
1425,1,0.002959280303030303,39.39985795454545
1426,1,0.002959280303030303,39.402817234848484
1429,2,0.005918560606060606,39.40873579545455
1432,1,0.002959280303030303,39.41169507575758
1433,2,0.005918560606060606,39.41761363636363
1434,1,0.002959280303030303,39.42057291666667
1435,1,0.002959280303030303,39.423532196969695
1436,1,0.002959280303030303,39.42649147727273
1438,1,0.002959280303030303,39.42945075757576
1439,1,0.002959280303030303,39.43241003787879
1442,1,0.002959280303030303,39.43536931818182
1445,1,0.002959280303030303,39.43832859848485
1448,6,0.01775568181818182,39.45608428030303
1449,1,0.002959280303030303,39.45904356060606
1455,6,0.01775568181818182,39.47679924242424
1459,1,0.002959280303030303,39.47975852272727
1460,8,0.023674242424242424,39.503432765151516
1466,7,0.02071496212121212,39.52414772727273
1472,1,0.002959280303030303,39.52710700757576
1477,6,0.01775568181818182,39.54486268939394
1482,7,0.02071496212121212,39.56557765151515
1484,1,0.002959280303030303,39.56853693181818
1486,1,0.002959280303030303,39.57149621212121
1490,1,0.002959280303030303,39.57445549242424
1494,1,0.002959280303030303,39.57741477272727
1497,1,0.002959280303030303,39.580374053030305
1498,1,0.002959280303030303,39.58333333333333
1502,7,0.02071496212121212,39.60404829545455
1505,7,0.02071496212121212,39.62476325757576
1513,6,0.01775568181818182,39.64251893939394
1514,1,0.002959280303030303,39.64547821969697
1516,1,0.002959280303030303,39.6484375
1519,7,0.02071496212121212,39.66915246212121
1520,7,0.02071496212121212,39.68986742424242
1522,1,0.002959280303030303,39.69282670454545
1523,8,0.023674242424242424,39.716500946969695
1525,6,0.01775568181818182,39.734256628787875
1530,6,0.01775568181818182,39.75201231060606
1531,1,0.002959280303030303,39.754971590909086
1534,1,0.002959280303030303,39.757930871212125
1535,12,0.03551136363636364,39.793442234848484
1536,1,0.002959280303030303,39.796401515151516
1538,1,0.002959280303030303,39.79936079545455
1539,8,0.023674242424242424,39.82303503787879
1540,6,0.01775568181818182,39.84079071969697
1542,7,0.02071496212121212,39.86150568181818
1544,1,0.002959280303030303,39.86446496212121
1545,1,0.002959280303030303,39.86742424242424
1552,13,0.038470643939393936,39.90589488636363
1553,3,0.00887784090909091,39.91477272727273
1554,6,0.01775568181818182,39.932528409090914
1561,6,0.01775568181818182,39.950284090909086
1564,1,0.002959280303030303,39.953243371212125
1565,1,0.002959280303030303,39.95620265151515
1566,6,0.01775568181818182,39.97395833333333
1568,6,0.01775568181818182,39.991714015151516
1570,1,0.002959280303030303,39.99467329545455
1573,1,0.002959280303030303,39.99763257575758
1574,6,0.01775568181818182,40.01538825757576
1577,12,0.03551136363636364,40.050899621212125
1581,2,0.005918560606060606,40.05681818181818
1582,1,0.002959280303030303,40.05977746212121
1583,1,0.002959280303030303,40.06273674242424
1587,1,0.002959280303030303,40.06569602272727
1588,1,0.002959280303030303,40.068655303030305
1591,1,0.002959280303030303,40.07161458333333
1593,1,0.002959280303030303,40.07457386363637
1603,2,0.005918560606060606,40.08049242424242
1606,6,0.01775568181818182,40.09824810606061
1610,1,0.002959280303030303,40.10120738636363
1611,1,0.002959280303030303,40.10416666666667
1612,1,0.002959280303030303,40.107125946969695
1614,1,0.002959280303030303,40.11008522727273
1616,6,0.01775568181818182,40.127840909090914
1618,1,0.002959280303030303,40.13080018939394
1619,2,0.005918560606060606,40.13671875
1620,1,0.002959280303030303,40.13967803030303
1622,6,0.01775568181818182,40.15743371212121
1636,1,0.002959280303030303,40.16039299242424
1637,6,0.01775568181818182,40.17814867424242
1641,12,0.03551136363636364,40.21366003787879
1643,13,0.038470643939393936,40.25213068181818
1645,1,0.002959280303030303,40.25508996212121
1646,4,0.011837121212121212,40.26692708333333
1647,6,0.01775568181818182,40.284682765151516
1650,1,0.002959280303030303,40.28764204545455
1652,2,0.005918560606060606,40.29356060606061
1657,6,0.01775568181818182,40.31131628787879
1659,1,0.002959280303030303,40.31427556818182
1668,1,0.002959280303030303,40.31723484848485
1671,1,0.002959280303030303,40.320194128787875
1672,6,0.01775568181818182,40.33794981060606
1673,6,0.01775568181818182,40.35570549242424
1674,6,0.01775568181818182,40.37346117424242
1677,6,0.01775568181818182,40.39121685606061
1682,1,0.002959280303030303,40.39417613636363
1687,2,0.005918560606060606,40.400094696969695
1689,2,0.005918560606060606,40.40601325757576
1692,2,0.005918560606060606,40.41193181818182
1697,1,0.002959280303030303,40.41489109848485
1701,1,0.002959280303030303,40.417850378787875
1702,6,0.01775568181818182,40.43560606060606
1703,3,0.00887784090909091,40.44448390151515
1707,3,0.00887784090909091,40.45336174242424
1708,1,0.002959280303030303,40.45632102272727
1709,1,0.002959280303030303,40.459280303030305
1712,6,0.01775568181818182,40.477035984848484
1713,4,0.011837121212121212,40.48887310606061
1714,12,0.03551136363636364,40.52438446969697
1716,1,0.002959280303030303,40.52734375
1721,6,0.01775568181818182,40.54509943181818
1722,1,0.002959280303030303,40.54805871212121
1725,7,0.02071496212121212,40.56877367424242
1729,6,0.01775568181818182,40.58652935606061
1730,1,0.002959280303030303,40.58948863636363
1731,6,0.01775568181818182,40.60724431818182
1734,1,0.002959280303030303,40.61020359848485
1736,1,0.002959280303030303,40.613162878787875
1738,6,0.01775568181818182,40.63091856060606
1741,1,0.002959280303030303,40.633877840909086
1743,1,0.002959280303030303,40.636837121212125
1744,7,0.02071496212121212,40.65755208333333
1759,1,0.002959280303030303,40.66051136363637
1761,6,0.01775568181818182,40.67826704545455
1762,1,0.002959280303030303,40.68122632575758
1766,2,0.005918560606060606,40.68714488636363
1771,1,0.002959280303030303,40.69010416666667
1773,6,0.01775568181818182,40.70785984848485
1774,1,0.002959280303030303,40.710819128787875
1776,6,0.01775568181818182,40.72857481060606
1779,2,0.005918560606060606,40.734493371212125
1784,6,0.01775568181818182,40.752249053030305
1789,6,0.01775568181818182,40.770004734848484
1790,7,0.02071496212121212,40.790719696969695
1793,6,0.01775568181818182,40.808475378787875
1795,1,0.002959280303030303,40.811434659090914
1796,2,0.005918560606060606,40.81735321969697
1797,6,0.01775568181818182,40.83510890151515
1802,6,0.01775568181818182,40.85286458333333
1803,1,0.002959280303030303,40.85582386363637
1804,1,0.002959280303030303,40.85878314393939
1805,1,0.002959280303030303,40.86174242424242
1806,6,0.01775568181818182,40.87949810606061
1818,1,0.002959280303030303,40.88245738636363
1819,6,0.01775568181818182,40.90021306818182
1821,1,0.002959280303030303,40.90317234848485
1828,1,0.002959280303030303,40.906131628787875
1833,2,0.005918560606060606,40.91205018939394
1839,1,0.002959280303030303,40.91500946969697
1842,1,0.002959280303030303,40.91796875
1848,1,0.002959280303030303,40.92092803030303
1849,6,0.01775568181818182,40.93868371212121
1860,1,0.002959280303030303,40.94164299242424
1865,1,0.002959280303030303,40.94460227272727
1867,6,0.01775568181818182,40.96235795454545
1869,1,0.002959280303030303,40.965317234848484
1872,6,0.01775568181818182,40.98307291666667
1873,7,0.02071496212121212,41.003787878787875
1877,12,0.03551136363636364,41.03929924242424
1879,24,0.07102272727272728,41.11032196969697
1883,6,0.01775568181818182,41.12807765151515
1884,1,0.002959280303030303,41.13103693181818
1886,1,0.002959280303030303,41.13399621212121
1896,1,0.002959280303030303,41.13695549242424
1897,1,0.002959280303030303,41.13991477272727
1899,1,0.002959280303030303,41.142874053030305
1906,1,0.002959280303030303,41.14583333333333
1911,6,0.01775568181818182,41.163589015151516
1914,7,0.02071496212121212,41.18430397727273
1915,1,0.002959280303030303,41.18726325757576
1916,6,0.01775568181818182,41.20501893939394
1920,6,0.01775568181818182,41.222774621212125
1921,2,0.005918560606060606,41.22869318181818
1923,1,0.002959280303030303,41.23165246212121
1936,12,0.03551136363636364,41.26716382575758
1941,6,0.01775568181818182,41.28491950757576
1952,1,0.002959280303030303,41.28787878787879
1954,1,0.002959280303030303,41.29083806818182
1960,6,0.01775568181818182,41.30859375
1962,6,0.01775568181818182,41.32634943181818
1965,1,0.002959280303030303,41.32930871212121
1977,1,0.002959280303030303,41.33226799242424
1978,1,0.002959280303030303,41.33522727272727
1979,1,0.002959280303030303,41.338186553030305
1982,6,0.01775568181818182,41.355942234848484
1983,2,0.005918560606060606,41.36186079545455
1987,6,0.01775568181818182,41.37961647727273
1997,1,0.002959280303030303,41.38257575757576
2001,6,0.01775568181818182,41.40033143939394
2002,1,0.002959280303030303,41.40329071969697
2007,1,0.002959280303030303,41.40625
2011,6,0.01775568181818182,41.42400568181818
2015,6,0.01775568181818182,41.44176136363637
2016,7,0.02071496212121212,41.46247632575758
2017,1,0.002959280303030303,41.46543560606061
2019,1,0.002959280303030303,41.46839488636363
2023,6,0.01775568181818182,41.48615056818182
2025,7,0.02071496212121212,41.50686553030303
2027,6,0.01775568181818182,41.52462121212121
2031,6,0.01775568181818182,41.54237689393939
2033,6,0.01775568181818182,41.56013257575758
2034,1,0.002959280303030303,41.56309185606061
2055,1,0.002959280303030303,41.56605113636363
2059,1,0.002959280303030303,41.56901041666667
2070,1,0.002959280303030303,41.571969696969695
2073,1,0.002959280303030303,41.57492897727273
2081,1,0.002959280303030303,41.57788825757576
2087,1,0.002959280303030303,41.58084753787879
2091,6,0.01775568181818182,41.59860321969697
2093,1,0.002959280303030303,41.6015625
2114,6,0.01775568181818182,41.61931818181818
2115,1,0.002959280303030303,41.62227746212121
2124,1,0.002959280303030303,41.62523674242424
2126,6,0.01775568181818182,41.64299242424242
2132,1,0.002959280303030303,41.64595170454545
2141,6,0.01775568181818182,41.66370738636363
2142,3,0.00887784090909091,41.67258522727273
2143,1,0.002959280303030303,41.67554450757576
2155,1,0.002959280303030303,41.67850378787879
2156,6,0.01775568181818182,41.69625946969697
2170,8,0.023674242424242424,41.71993371212121
2178,1,0.002959280303030303,41.72289299242424
2183,12,0.03551136363636364,41.75840435606061
2186,6,0.01775568181818182,41.77616003787879
2196,6,0.01775568181818182,41.79391571969697
2198,6,0.01775568181818182,41.81167140151515
2199,3,0.00887784090909091,41.82054924242424
2204,1,0.002959280303030303,41.82350852272727
2225,1,0.002959280303030303,41.826467803030305
2227,6,0.01775568181818182,41.844223484848484
2228,6,0.01775568181818182,41.86197916666667
2234,1,0.002959280303030303,41.864938446969695
2241,1,0.002959280303030303,41.86789772727273
2245,2,0.005918560606060606,41.87381628787879
2248,1,0.002959280303030303,41.87677556818182
2249,6,0.01775568181818182,41.89453125
2252,1,0.002959280303030303,41.89749053030303
2253,6,0.01775568181818182,41.91524621212121
2254,1,0.002959280303030303,41.91820549242424
2256,1,0.002959280303030303,41.92116477272727
2259,1,0.002959280303030303,41.924124053030305
2264,6,0.01775568181818182,41.941879734848484
2268,1,0.002959280303030303,41.944839015151516
2275,1,0.002959280303030303,41.94779829545455
2277,6,0.01775568181818182,41.96555397727273
2279,6,0.01775568181818182,41.983309659090914
2280,1,0.002959280303030303,41.98626893939394
2284,3,0.00887784090909091,41.99514678030303
2285,1,0.002959280303030303,41.99810606060606
2290,1,0.002959280303030303,42.001065340909086
2291,6,0.01775568181818182,42.01882102272727
2295,1,0.002959280303030303,42.021780303030305
2299,6,0.01775568181818182,42.039535984848484
2301,6,0.01775568181818182,42.05729166666667
2303,1,0.002959280303030303,42.060250946969695
2307,1,0.002959280303030303,42.06321022727273
2308,6,0.01775568181818182,42.080965909090914
2312,1,0.002959280303030303,42.08392518939394
2313,6,0.01775568181818182,42.101680871212125
2314,1,0.002959280303030303,42.10464015151515
2316,1,0.002959280303030303,42.10759943181818
2321,6,0.01775568181818182,42.12535511363637
2325,1,0.002959280303030303,42.12831439393939
2328,1,0.002959280303030303,42.13127367424242
2329,1,0.002959280303030303,42.13423295454545
2331,7,0.02071496212121212,42.15494791666667
2332,7,0.02071496212121212,42.175662878787875
2333,1,0.002959280303030303,42.178622159090914
2336,6,0.01775568181818182,42.196377840909086
2338,1,0.002959280303030303,42.199337121212125
2340,7,0.02071496212121212,42.22005208333333
2348,6,0.01775568181818182,42.237807765151516
2352,6,0.01775568181818182,42.255563446969695
2359,7,0.02071496212121212,42.276278409090914
2361,1,0.002959280303030303,42.27923768939394
2363,1,0.002959280303030303,42.28219696969697
2367,1,0.002959280303030303,42.28515625
2379,6,0.01775568181818182,42.30291193181818
2394,6,0.01775568181818182,42.32066761363637
2399,6,0.01775568181818182,42.33842329545455
2400,12,0.03551136363636364,42.373934659090914
2401,2,0.005918560606060606,42.37985321969697
2403,6,0.01775568181818182,42.39760890151515
2404,1,0.002959280303030303,42.40056818181818
2410,2,0.005918560606060606,42.40648674242424
2411,6,0.01775568181818182,42.42424242424242
2412,1,0.002959280303030303,42.42720170454545
2419,1,0.002959280303030303,42.430160984848484
2421,1,0.002959280303030303,42.433120265151516
2422,6,0.01775568181818182,42.450875946969695
2425,6,0.01775568181818182,42.468631628787875
2428,6,0.01775568181818182,42.48638731060606
2430,1,0.002959280303030303,42.489346590909086
2432,1,0.002959280303030303,42.492305871212125
2434,2,0.005918560606060606,42.49822443181818
2435,1,0.002959280303030303,42.50118371212121
2441,6,0.01775568181818182,42.51893939393939
2442,1,0.002959280303030303,42.52189867424242
2451,12,0.03551136363636364,42.55741003787879
2462,6,0.01775568181818182,42.57516571969697
2464,6,0.01775568181818182,42.59292140151515
2478,6,0.01775568181818182,42.61067708333333
2481,1,0.002959280303030303,42.61363636363637
2482,6,0.01775568181818182,42.63139204545455
2484,1,0.002959280303030303,42.63435132575758
2488,6,0.01775568181818182,42.65210700757576
2489,6,0.01775568181818182,42.66986268939394
2490,6,0.01775568181818182,42.687618371212125
2496,2,0.005918560606060606,42.69353693181818
2501,1,0.002959280303030303,42.69649621212121
2515,7,0.02071496212121212,42.71721117424242
2516,6,0.01775568181818182,42.73496685606061
2522,1,0.002959280303030303,42.73792613636363
2523,6,0.01775568181818182,42.75568181818182
2526,6,0.01775568181818182,42.7734375
2533,1,0.002959280303030303,42.77639678030303
2535,6,0.01775568181818182,42.79415246212121
2540,1,0.002959280303030303,42.79711174242424
2543,1,0.002959280303030303,42.80007102272727
2549,6,0.01775568181818182,42.81782670454545
2551,6,0.01775568181818182,42.83558238636363
2555,1,0.002959280303030303,42.83854166666667
2557,7,0.02071496212121212,42.859256628787875
2564,1,0.002959280303030303,42.862215909090914
2567,1,0.002959280303030303,42.86517518939394
2570,1,0.002959280303030303,42.86813446969697
2578,1,0.002959280303030303,42.87109375
2579,1,0.002959280303030303,42.87405303030303
2583,1,0.002959280303030303,42.87701231060606
2586,6,0.01775568181818182,42.89476799242424
2603,2,0.005918560606060606,42.900686553030305
2619,1,0.002959280303030303,42.90364583333333
2625,6,0.01775568181818182,42.921401515151516
2627,6,0.01775568181818182,42.939157196969695
2629,1,0.002959280303030303,42.94211647727273
2630,2,0.005918560606060606,42.94803503787879
2633,6,0.01775568181818182,42.96579071969697
2636,1,0.002959280303030303,42.96875
2642,1,0.002959280303030303,42.97170928030303
2672,7,0.02071496212121212,42.99242424242424
2675,6,0.01775568181818182,43.01017992424242
2677,1,0.002959280303030303,43.01313920454545
2681,6,0.01775568181818182,43.03089488636363
2691,1,0.002959280303030303,43.03385416666667
2694,6,0.01775568181818182,43.05160984848485
2696,6,0.01775568181818182,43.06936553030303
2700,1,0.002959280303030303,43.07232481060606
2713,6,0.01775568181818182,43.09008049242424
2717,6,0.01775568181818182,43.10783617424242
2720,6,0.01775568181818182,43.12559185606061
2726,1,0.002959280303030303,43.12855113636363
2730,1,0.002959280303030303,43.13151041666667
2736,6,0.01775568181818182,43.14926609848485
2737,7,0.02071496212121212,43.16998106060606
2743,6,0.01775568181818182,43.18773674242424
2751,6,0.01775568181818182,43.20549242424242
2752,1,0.002959280303030303,43.20845170454545
2754,12,0.03551136363636364,43.24396306818182
2757,1,0.002959280303030303,43.24692234848485
2776,6,0.01775568181818182,43.26467803030303
2777,6,0.01775568181818182,43.28243371212121
2789,6,0.01775568181818182,43.30018939393939
2791,8,0.023674242424242424,43.32386363636363
2793,6,0.01775568181818182,43.34161931818182
2800,6,0.01775568181818182,43.359375
2803,6,0.01775568181818182,43.37713068181818
2806,6,0.01775568181818182,43.39488636363637
2811,1,0.002959280303030303,43.39784564393939
2812,1,0.002959280303030303,43.40080492424242
2814,1,0.002959280303030303,43.40376420454545
2815,7,0.02071496212121212,43.42447916666667
2833,6,0.01775568181818182,43.44223484848485
2835,1,0.002959280303030303,43.445194128787875
2836,6,0.01775568181818182,43.46294981060606
2844,6,0.01775568181818182,43.48070549242424
2848,6,0.01775568181818182,43.49846117424242
2850,6,0.01775568181818182,43.51621685606061
2857,1,0.002959280303030303,43.51917613636363
2858,6,0.01775568181818182,43.53693181818182
2859,6,0.01775568181818182,43.5546875
2867,2,0.005918560606060606,43.56060606060606
2872,1,0.002959280303030303,43.563565340909086
2874,1,0.002959280303030303,43.566524621212125
2876,1,0.002959280303030303,43.56948390151515
2885,6,0.01775568181818182,43.58723958333333
2887,6,0.01775568181818182,43.604995265151516
2890,6,0.01775568181818182,43.622750946969695
2905,1,0.002959280303030303,43.62571022727273
2913,6,0.01775568181818182,43.643465909090914
2914,6,0.01775568181818182,43.661221590909086
2922,6,0.01775568181818182,43.67897727272727
2923,6,0.01775568181818182,43.69673295454545
2925,1,0.002959280303030303,43.699692234848484
2930,12,0.03551136363636364,43.73520359848485
2934,6,0.01775568181818182,43.75295928030303
2941,1,0.002959280303030303,43.75591856060606
2946,6,0.01775568181818182,43.77367424242424
2958,6,0.01775568181818182,43.79142992424242
2966,1,0.002959280303030303,43.79438920454545
2967,6,0.01775568181818182,43.81214488636363
2970,6,0.01775568181818182,43.82990056818182
2976,1,0.002959280303030303,43.83285984848485
2977,1,0.002959280303030303,43.835819128787875
2980,6,0.01775568181818182,43.85357481060606
2993,6,0.01775568181818182,43.87133049242424
2996,6,0.01775568181818182,43.88908617424242
2998,1,0.002959280303030303,43.89204545454545
3006,6,0.01775568181818182,43.90980113636363
3009,6,0.01775568181818182,43.92755681818182
3013,1,0.002959280303030303,43.93051609848485
3019,1,0.002959280303030303,43.933475378787875
3023,1,0.002959280303030303,43.936434659090914
3030,12,0.03551136363636364,43.97194602272727
3038,6,0.01775568181818182,43.98970170454545
3043,6,0.01775568181818182,44.00745738636363
3048,6,0.01775568181818182,44.02521306818182
3053,6,0.01775568181818182,44.04296875
3061,6,0.01775568181818182,44.06072443181818
3081,6,0.01775568181818182,44.07848011363637
3099,6,0.01775568181818182,44.09623579545455
3105,1,0.002959280303030303,44.09919507575758
3112,6,0.01775568181818182,44.11695075757576
3119,6,0.01775568181818182,44.13470643939394
3123,6,0.01775568181818182,44.152462121212125
3135,6,0.01775568181818182,44.170217803030305
3138,6,0.01775568181818182,44.187973484848484
3140,1,0.002959280303030303,44.190932765151516
3145,6,0.01775568181818182,44.208688446969695
3151,6,0.01775568181818182,44.226444128787875
3154,6,0.01775568181818182,44.24419981060606
3160,12,0.03551136363636364,44.27971117424242
3173,6,0.01775568181818182,44.29746685606061
3177,1,0.002959280303030303,44.30042613636363
3180,6,0.01775568181818182,44.31818181818182
3183,7,0.02071496212121212,44.33889678030303
3187,6,0.01775568181818182,44.35665246212121
3206,6,0.01775568181818182,44.37440814393939
3216,6,0.01775568181818182,44.39216382575758
3229,6,0.01775568181818182,44.40991950757576
3237,1,0.002959280303030303,44.41287878787879
3240,1,0.002959280303030303,44.41583806818182
3243,6,0.01775568181818182,44.43359375
3253,6,0.01775568181818182,44.45134943181818
3271,6,0.01775568181818182,44.46910511363637
3285,6,0.01775568181818182,44.48686079545455
3305,6,0.01775568181818182,44.50461647727273
3319,6,0.01775568181818182,44.522372159090914
3339,6,0.01775568181818182,44.540127840909086
3347,12,0.03551136363636364,44.57563920454545
3349,7,0.02071496212121212,44.59635416666667
3351,1,0.002959280303030303,44.599313446969695
3355,6,0.01775568181818182,44.617069128787875
3356,6,0.01775568181818182,44.63482481060606
3364,6,0.01775568181818182,44.65258049242424
3369,6,0.01775568181818182,44.67033617424242
3373,1,0.002959280303030303,44.67329545454545
3380,6,0.01775568181818182,44.69105113636363
3382,6,0.01775568181818182,44.70880681818182
3391,6,0.01775568181818182,44.7265625
3394,1,0.002959280303030303,44.72952178030303
3397,6,0.01775568181818182,44.74727746212121
3419,6,0.01775568181818182,44.76503314393939
3420,12,0.03551136363636364,44.80054450757576
3425,6,0.01775568181818182,44.81830018939394
3443,6,0.01775568181818182,44.836055871212125
3447,6,0.01775568181818182,44.853811553030305
3461,7,0.02071496212121212,44.874526515151516
3474,12,0.03551136363636364,44.910037878787875
3475,6,0.01775568181818182,44.92779356060606
3486,6,0.01775568181818182,44.94554924242424
3506,7,0.02071496212121212,44.96626420454545
3509,6,0.01775568181818182,44.98401988636363
3522,6,0.01775568181818182,45.00177556818182
3525,1,0.002959280303030303,45.00473484848485
3531,6,0.01775568181818182,45.02249053030303
3541,6,0.01775568181818182,45.04024621212121
3545,6,0.01775568181818182,45.05800189393939
3552,1,0.002959280303030303,45.06096117424242
3553,1,0.002959280303030303,45.06392045454545
3567,6,0.01775568181818182,45.08167613636363
3573,1,0.002959280303030303,45.08463541666667
3575,7,0.02071496212121212,45.105350378787875
3580,1,0.002959280303030303,45.108309659090914
3585,6,0.01775568181818182,45.126065340909086
3593,6,0.01775568181818182,45.14382102272727
3598,1,0.002959280303030303,45.146780303030305
3610,1,0.002959280303030303,45.14973958333333
3612,6,0.01775568181818182,45.167495265151516
3615,6,0.01775568181818182,45.185250946969695
3617,1,0.002959280303030303,45.18821022727273
3618,6,0.01775568181818182,45.205965909090914
3620,6,0.01775568181818182,45.223721590909086
3622,6,0.01775568181818182,45.24147727272727
3631,6,0.01775568181818182,45.25923295454545
3635,6,0.01775568181818182,45.27698863636363
3642,1,0.002959280303030303,45.27994791666667
3645,6,0.01775568181818182,45.29770359848485
3649,6,0.01775568181818182,45.31545928030303
3650,6,0.01775568181818182,45.33321496212121
3663,1,0.002959280303030303,45.33617424242424
3666,6,0.01775568181818182,45.35392992424242
3669,6,0.01775568181818182,45.37168560606061
3674,1,0.002959280303030303,45.37464488636363
3682,6,0.01775568181818182,45.39240056818182
3684,6,0.01775568181818182,45.41015625
3687,6,0.01775568181818182,45.42791193181818
3693,6,0.01775568181818182,45.44566761363637
3701,6,0.01775568181818182,45.46342329545455
3722,6,0.01775568181818182,45.48117897727273
3750,6,0.01775568181818182,45.498934659090914
3761,6,0.01775568181818182,45.516690340909086
3762,1,0.002959280303030303,45.519649621212125
3765,6,0.01775568181818182,45.537405303030305
3771,6,0.01775568181818182,45.555160984848484
3779,6,0.01775568181818182,45.57291666666667
3790,6,0.01775568181818182,45.59067234848485
3800,6,0.01775568181818182,45.60842803030303
3809,6,0.01775568181818182,45.62618371212121
3810,1,0.002959280303030303,45.62914299242424
3813,12,0.03551136363636364,45.66465435606061
3814,6,0.01775568181818182,45.68241003787879
3816,7,0.02071496212121212,45.703125
3821,6,0.01775568181818182,45.72088068181818
3822,6,0.01775568181818182,45.73863636363637
3830,6,0.01775568181818182,45.75639204545455
3831,12,0.03551136363636364,45.791903409090914
3837,6,0.01775568181818182,45.809659090909086
3845,6,0.01775568181818182,45.82741477272727
3856,1,0.002959280303030303,45.830374053030305
3871,6,0.01775568181818182,45.848129734848484
3874,6,0.01775568181818182,45.86588541666667
3880,1,0.002959280303030303,45.868844696969695
3884,7,0.02071496212121212,45.889559659090914
3911,6,0.01775568181818182,45.907315340909086
3912,7,0.02071496212121212,45.928030303030305
3932,6,0.01775568181818182,45.945785984848484
3935,6,0.01775568181818182,45.96354166666667
3938,6,0.01775568181818182,45.98129734848485
3960,6,0.01775568181818182,45.99905303030303
3974,6,0.01775568181818182,46.01680871212121
3989,6,0.01775568181818182,46.03456439393939
4010,6,0.01775568181818182,46.05232007575758
4011,1,0.002959280303030303,46.05527935606061
4013,6,0.01775568181818182,46.07303503787879
4027,6,0.01775568181818182,46.09079071969697
4043,6,0.01775568181818182,46.10854640151515
4044,1,0.002959280303030303,46.11150568181818
4045,6,0.01775568181818182,46.12926136363637
4046,6,0.01775568181818182,46.14701704545455
4049,6,0.01775568181818182,46.16477272727273
4050,6,0.01775568181818182,46.182528409090914
4051,6,0.01775568181818182,46.200284090909086
4075,1,0.002959280303030303,46.203243371212125
4111,6,0.01775568181818182,46.220999053030305
4114,1,0.002959280303030303,46.22395833333333
4123,6,0.01775568181818182,46.241714015151516
4135,6,0.01775568181818182,46.259469696969695
4140,6,0.01775568181818182,46.277225378787875
4156,7,0.02071496212121212,46.297940340909086
4163,6,0.01775568181818182,46.31569602272727
4179,6,0.01775568181818182,46.33345170454545
4180,1,0.002959280303030303,46.336410984848484
4196,6,0.01775568181818182,46.35416666666667
4197,6,0.01775568181818182,46.37192234848485
4200,6,0.01775568181818182,46.38967803030303
4202,6,0.01775568181818182,46.40743371212121
4236,1,0.002959280303030303,46.41039299242424
4237,6,0.01775568181818182,46.42814867424242
4243,6,0.01775568181818182,46.44590435606061
4246,6,0.01775568181818182,46.46366003787879
4256,6,0.01775568181818182,46.48141571969697
4262,6,0.01775568181818182,46.49917140151515
4274,6,0.01775568181818182,46.51692708333333
4276,1,0.002959280303030303,46.51988636363637
4286,6,0.01775568181818182,46.53764204545455
4294,6,0.01775568181818182,46.55539772727273
4300,12,0.03551136363636364,46.590909090909086
4309,6,0.01775568181818182,46.60866477272727
4310,1,0.002959280303030303,46.611624053030305
4315,6,0.01775568181818182,46.629379734848484
4324,6,0.01775568181818182,46.64713541666667
4328,6,0.01775568181818182,46.66489109848485
4330,6,0.01775568181818182,46.68264678030303
4333,6,0.01775568181818182,46.70040246212121
4335,1,0.002959280303030303,46.70336174242424
4383,6,0.01775568181818182,46.72111742424242
4387,6,0.01775568181818182,46.73887310606061
4404,6,0.01775568181818182,46.75662878787879
4427,6,0.01775568181818182,46.77438446969697
4433,6,0.01775568181818182,46.79214015151515
4443,6,0.01775568181818182,46.80989583333333
4449,6,0.01775568181818182,46.827651515151516
4465,6,0.01775568181818182,46.845407196969695
4470,6,0.01775568181818182,46.863162878787875
4471,6,0.01775568181818182,46.88091856060606
4474,6,0.01775568181818182,46.89867424242424
4479,1,0.002959280303030303,46.90163352272727
4506,1,0.002959280303030303,46.904592803030305
4520,6,0.01775568181818182,46.922348484848484
4525,1,0.002959280303030303,46.925307765151516
4528,12,0.03551136363636364,46.960819128787875
4546,6,0.01775568181818182,46.97857481060606
4576,6,0.01775568181818182,46.99633049242424
4587,6,0.01775568181818182,47.01408617424242
4589,6,0.01775568181818182,47.03184185606061
4605,6,0.01775568181818182,47.04959753787879
4606,6,0.01775568181818182,47.06735321969697
4620,6,0.01775568181818182,47.08510890151515
4624,6,0.01775568181818182,47.10286458333333
4635,6,0.01775568181818182,47.120620265151516
4680,6,0.01775568181818182,47.138375946969695
4687,6,0.01775568181818182,47.156131628787875
4697,6,0.01775568181818182,47.17388731060606
4709,6,0.01775568181818182,47.19164299242424
4715,1,0.002959280303030303,47.19460227272727
4725,6,0.01775568181818182,47.21235795454545
4749,6,0.01775568181818182,47.23011363636363
4756,6,0.01775568181818182,47.24786931818182
4776,1,0.002959280303030303,47.25082859848485
4785,7,0.02071496212121212,47.27154356060606
4786,6,0.01775568181818182,47.28929924242424
4801,6,0.01775568181818182,47.30705492424242
4809,1,0.002959280303030303,47.31001420454545
4811,6,0.01775568181818182,47.32776988636363
4813,6,0.01775568181818182,47.34552556818182
4825,6,0.01775568181818182,47.36328125
4835,6,0.01775568181818182,47.38103693181818
4836,6,0.01775568181818182,47.39879261363637
4845,1,0.002959280303030303,47.40175189393939
4847,6,0.01775568181818182,47.41950757575758
4864,6,0.01775568181818182,47.43726325757576
4876,1,0.002959280303030303,47.44022253787879
4893,6,0.01775568181818182,47.45797821969697
4902,6,0.01775568181818182,47.47573390151515
4906,1,0.002959280303030303,47.47869318181818
4924,6,0.01775568181818182,47.49644886363637
4961,6,0.01775568181818182,47.51420454545455
4964,6,0.01775568181818182,47.53196022727273
4972,6,0.01775568181818182,47.549715909090914
4980,6,0.01775568181818182,47.567471590909086
4984,6,0.01775568181818182,47.58522727272727
4985,6,0.01775568181818182,47.60298295454545
4999,6,0.01775568181818182,47.62073863636363
5001,1,0.002959280303030303,47.62369791666667
5002,6,0.01775568181818182,47.64145359848485
5006,6,0.01775568181818182,47.65920928030303
5010,6,0.01775568181818182,47.67696496212121
5024,6,0.01775568181818182,47.69472064393939
5026,6,0.01775568181818182,47.71247632575758
5035,6,0.01775568181818182,47.73023200757576
5039,6,0.01775568181818182,47.74798768939394
5044,6,0.01775568181818182,47.765743371212125
5053,6,0.01775568181818182,47.783499053030305
5055,6,0.01775568181818182,47.801254734848484
5115,6,0.01775568181818182,47.81901041666667
5127,6,0.01775568181818182,47.83676609848485
5130,6,0.01775568181818182,47.85452178030303
5133,6,0.01775568181818182,47.87227746212121
5147,6,0.01775568181818182,47.89003314393939
5163,6,0.01775568181818182,47.90778882575758
5183,6,0.01775568181818182,47.92554450757576
5186,6,0.01775568181818182,47.94330018939394
5196,6,0.01775568181818182,47.961055871212125
5214,6,0.01775568181818182,47.978811553030305
5232,12,0.03551136363636364,48.01432291666667
5235,1,0.002959280303030303,48.017282196969695
5243,6,0.01775568181818182,48.035037878787875
5249,12,0.03551136363636364,48.07054924242424
5257,6,0.01775568181818182,48.08830492424242
5261,6,0.01775568181818182,48.10606060606061
5272,6,0.01775568181818182,48.12381628787879
5284,6,0.01775568181818182,48.14157196969697
5296,6,0.01775568181818182,48.15932765151515
5301,1,0.002959280303030303,48.16228693181818
5303,1,0.002959280303030303,48.16524621212121
5321,6,0.01775568181818182,48.18300189393939
5324,6,0.01775568181818182,48.20075757575758
5336,6,0.01775568181818182,48.21851325757576
5340,6,0.01775568181818182,48.23626893939394
5351,6,0.01775568181818182,48.254024621212125
5358,6,0.01775568181818182,48.271780303030305
5380,6,0.01775568181818182,48.289535984848484
5381,6,0.01775568181818182,48.30729166666667
5395,6,0.01775568181818182,48.32504734848485
5397,6,0.01775568181818182,48.34280303030303
5398,1,0.002959280303030303,48.34576231060606
5403,6,0.01775568181818182,48.36351799242424
5406,6,0.01775568181818182,48.38127367424242
5414,6,0.01775568181818182,48.39902935606061
5438,6,0.01775568181818182,48.41678503787879
5446,6,0.01775568181818182,48.43454071969697
5449,6,0.01775568181818182,48.45229640151515
5459,6,0.01775568181818182,48.47005208333333
5494,1,0.002959280303030303,48.47301136363637
5496,1,0.002959280303030303,48.47597064393939
5499,6,0.01775568181818182,48.49372632575758
5506,6,0.01775568181818182,48.51148200757576
5535,12,0.03551136363636364,48.546993371212125
5546,6,0.01775568181818182,48.564749053030305
5553,6,0.01775568181818182,48.582504734848484
5562,6,0.01775568181818182,48.60026041666667
5569,6,0.01775568181818182,48.61801609848485
5583,1,0.002959280303030303,48.620975378787875
5589,6,0.01775568181818182,48.63873106060606
5599,6,0.01775568181818182,48.65648674242424
5603,6,0.01775568181818182,48.67424242424242
5605,6,0.01775568181818182,48.69199810606061
5611,6,0.01775568181818182,48.70975378787879
5641,6,0.01775568181818182,48.72750946969697
5644,6,0.01775568181818182,48.74526515151515
5649,6,0.01775568181818182,48.76302083333333
5656,6,0.01775568181818182,48.780776515151516
5660,6,0.01775568181818182,48.798532196969695
5662,6,0.01775568181818182,48.816287878787875
5669,6,0.01775568181818182,48.83404356060606
5670,6,0.01775568181818182,48.85179924242424
5674,6,0.01775568181818182,48.86955492424242
5677,6,0.01775568181818182,48.88731060606061
5699,6,0.01775568181818182,48.90506628787879
5703,6,0.01775568181818182,48.92282196969697
5711,6,0.01775568181818182,48.94057765151515
5714,6,0.01775568181818182,48.95833333333333
5725,6,0.01775568181818182,48.976089015151516
5766,6,0.01775568181818182,48.993844696969695
5797,12,0.03551136363636364,49.02935606060606
5813,1,0.002959280303030303,49.032315340909086
5821,6,0.01775568181818182,49.05007102272727
5822,6,0.01775568181818182,49.06782670454545
5830,6,0.01775568181818182,49.08558238636363
5839,6,0.01775568181818182,49.10333806818182
5847,12,0.03551136363636364,49.13884943181818
5887,6,0.01775568181818182,49.15660511363637
5891,6,0.01775568181818182,49.17436079545455
5905,6,0.01775568181818182,49.19211647727273
5906,6,0.01775568181818182,49.209872159090914
5907,6,0.01775568181818182,49.227627840909086
5908,6,0.01775568181818182,49.24538352272727
5917,6,0.01775568181818182,49.26313920454545
5921,6,0.01775568181818182,49.28089488636363
5924,6,0.01775568181818182,49.29865056818182
5925,6,0.01775568181818182,49.31640625
5940,6,0.01775568181818182,49.33416193181818
5949,1,0.002959280303030303,49.33712121212121
5952,12,0.03551136363636364,49.37263257575758
5957,6,0.01775568181818182,49.39038825757576
5959,1,0.002959280303030303,49.39334753787879
5969,6,0.01775568181818182,49.41110321969697
5971,6,0.01775568181818182,49.42885890151515
5985,6,0.01775568181818182,49.44661458333333
5990,6,0.01775568181818182,49.464370265151516
5996,6,0.01775568181818182,49.482125946969695
6004,6,0.01775568181818182,49.499881628787875
6011,6,0.01775568181818182,49.51763731060606
6017,6,0.01775568181818182,49.53539299242424
6034,6,0.01775568181818182,49.55314867424242
6042,6,0.01775568181818182,49.57090435606061
6058,6,0.01775568181818182,49.58866003787879
6063,6,0.01775568181818182,49.60641571969697
6064,6,0.01775568181818182,49.62417140151515
6078,6,0.01775568181818182,49.64192708333333
6083,6,0.01775568181818182,49.659682765151516
6093,6,0.01775568181818182,49.677438446969695
6113,6,0.01775568181818182,49.695194128787875
6121,6,0.01775568181818182,49.71294981060606
6136,6,0.01775568181818182,49.73070549242424
6140,12,0.03551136363636364,49.76621685606061
6143,6,0.01775568181818182,49.78397253787879
6144,6,0.01775568181818182,49.80172821969697
6157,6,0.01775568181818182,49.81948390151515
6187,6,0.01775568181818182,49.83723958333333
6194,6,0.01775568181818182,49.854995265151516
6204,6,0.01775568181818182,49.872750946969695
6211,12,0.03551136363636364,49.90826231060606
6212,6,0.01775568181818182,49.92601799242424
6235,6,0.01775568181818182,49.94377367424242
6241,6,0.01775568181818182,49.96152935606061
6243,6,0.01775568181818182,49.97928503787879
6244,6,0.01775568181818182,49.99704071969697
6262,6,0.01775568181818182,50.01479640151515
6264,6,0.01775568181818182,50.032552083333336
6267,6,0.01775568181818182,50.050307765151516
6275,6,0.01775568181818182,50.0680634469697
6300,6,0.01775568181818182,50.085819128787875
6315,6,0.01775568181818182,50.103574810606055
6319,6,0.01775568181818182,50.12133049242424
6333,6,0.01775568181818182,50.13908617424242
6343,6,0.01775568181818182,50.15684185606061
6359,6,0.01775568181818182,50.17459753787878
6361,6,0.01775568181818182,50.19235321969697
6379,6,0.01775568181818182,50.21010890151515
6380,1,0.002959280303030303,50.21306818181818
6411,6,0.01775568181818182,50.23082386363637
6429,12,0.03551136363636364,50.26633522727273
6434,6,0.01775568181818182,50.28409090909091
6447,6,0.01775568181818182,50.30184659090909
6460,6,0.01775568181818182,50.31960227272727
6461,6,0.01775568181818182,50.33735795454546
6486,6,0.01775568181818182,50.35511363636363
6494,6,0.01775568181818182,50.37286931818182
6519,6,0.01775568181818182,50.390625
6530,6,0.01775568181818182,50.40838068181818
6534,6,0.01775568181818182,50.42613636363637
6544,6,0.01775568181818182,50.44389204545454
6566,6,0.01775568181818182,50.46164772727273
6569,6,0.01775568181818182,50.47940340909091
6577,6,0.01775568181818182,50.49715909090909
6578,6,0.01775568181818182,50.51491477272727
6582,6,0.01775568181818182,50.53267045454546
6589,6,0.01775568181818182,50.55042613636363
6591,6,0.01775568181818182,50.56818181818182
6595,6,0.01775568181818182,50.5859375
6616,6,0.01775568181818182,50.60369318181818
6622,6,0.01775568181818182,50.62144886363637
6625,12,0.03551136363636364,50.65696022727273
6632,6,0.01775568181818182,50.67471590909091
6659,6,0.01775568181818182,50.69247159090909
6669,6,0.01775568181818182,50.71022727272727
6673,12,0.03551136363636364,50.74573863636363
6685,6,0.01775568181818182,50.76349431818182
6696,6,0.01775568181818182,50.78125
6701,6,0.01775568181818182,50.79900568181818
6722,6,0.01775568181818182,50.81676136363637
6736,6,0.01775568181818182,50.83451704545454
6757,1,0.002959280303030303,50.83747632575758
6761,6,0.01775568181818182,50.85523200757576
6771,6,0.01775568181818182,50.872987689393945
6775,6,0.01775568181818182,50.890743371212125
6812,6,0.01775568181818182,50.9084990530303
6819,6,0.01775568181818182,50.926254734848484
6832,1,0.002959280303030303,50.929214015151516
6841,6,0.01775568181818182,50.9469696969697
6845,6,0.01775568181818182,50.964725378787875
6849,6,0.01775568181818182,50.982481060606055
6863,6,0.01775568181818182,51.00023674242424
6870,6,0.01775568181818182,51.01799242424242
6877,6,0.01775568181818182,51.03574810606061
6881,6,0.01775568181818182,51.05350378787878
6882,6,0.01775568181818182,51.07125946969697
6883,6,0.01775568181818182,51.08901515151515
6888,6,0.01775568181818182,51.106770833333336
6903,6,0.01775568181818182,51.124526515151516
6911,6,0.01775568181818182,51.1422821969697
6915,6,0.01775568181818182,51.160037878787875
6919,6,0.01775568181818182,51.177793560606055
6924,12,0.03551136363636364,51.21330492424242
6948,6,0.01775568181818182,51.23106060606061
6957,12,0.03551136363636364,51.26657196969697
6962,6,0.01775568181818182,51.28432765151515
6980,6,0.01775568181818182,51.302083333333336
6985,7,0.02071496212121212,51.32279829545454
6990,6,0.01775568181818182,51.34055397727273
6994,6,0.01775568181818182,51.35830965909091
7015,6,0.01775568181818182,51.37606534090909
7025,6,0.01775568181818182,51.39382102272727
7028,6,0.01775568181818182,51.41157670454546
7034,6,0.01775568181818182,51.42933238636363
7061,6,0.01775568181818182,51.44708806818182
7078,6,0.01775568181818182,51.46484375
7100,6,0.01775568181818182,51.48259943181818
7108,6,0.01775568181818182,51.50035511363637
7130,6,0.01775568181818182,51.51811079545454
7145,12,0.03551136363636364,51.55362215909091
7164,6,0.01775568181818182,51.57137784090909
7171,6,0.01775568181818182,51.58913352272727
7172,6,0.01775568181818182,51.60688920454546
7175,6,0.01775568181818182,51.62464488636363
7201,6,0.01775568181818182,51.64240056818182
7215,6,0.01775568181818182,51.66015625
7225,6,0.01775568181818182,51.67791193181818
7235,6,0.01775568181818182,51.69566761363637
7243,6,0.01775568181818182,51.71342329545454
7251,6,0.01775568181818182,51.73117897727273
7261,6,0.01775568181818182,51.74893465909091
7273,6,0.01775568181818182,51.76669034090909
7284,6,0.01775568181818182,51.78444602272727
7292,6,0.01775568181818182,51.80220170454546
7295,6,0.01775568181818182,51.81995738636363
7300,6,0.01775568181818182,51.83771306818182
7323,6,0.01775568181818182,51.85546875
7329,6,0.01775568181818182,51.87322443181818
7406,6,0.01775568181818182,51.89098011363637
7434,6,0.01775568181818182,51.90873579545454
7438,6,0.01775568181818182,51.92649147727273
7443,12,0.03551136363636364,51.96200284090909
7451,6,0.01775568181818182,51.97975852272727
7477,6,0.01775568181818182,51.99751420454546
7482,6,0.01775568181818182,52.01526988636363
7501,6,0.01775568181818182,52.03302556818182
7508,6,0.01775568181818182,52.05078125
7522,6,0.01775568181818182,52.06853693181818
7561,6,0.01775568181818182,52.08629261363637
7570,6,0.01775568181818182,52.10404829545454
7573,6,0.01775568181818182,52.12180397727273
7574,6,0.01775568181818182,52.13955965909091
7615,1,0.002959280303030303,52.142518939393945
7625,1,0.002959280303030303,52.14547821969697
7627,6,0.01775568181818182,52.16323390151515
7632,1,0.002959280303030303,52.16619318181818
7633,1,0.002959280303030303,52.16915246212122
7645,6,0.01775568181818182,52.18690814393939
7649,6,0.01775568181818182,52.20466382575758
7653,6,0.01775568181818182,52.22241950757576
7671,6,0.01775568181818182,52.240175189393945
7677,6,0.01775568181818182,52.257930871212125
7685,6,0.01775568181818182,52.2756865530303
7728,6,0.01775568181818182,52.293442234848484
7731,6,0.01775568181818182,52.311197916666664
7737,6,0.01775568181818182,52.32895359848485
7738,6,0.01775568181818182,52.34670928030303
7743,6,0.01775568181818182,52.36446496212122
7790,6,0.01775568181818182,52.38222064393939
7791,6,0.01775568181818182,52.39997632575758
7802,6,0.01775568181818182,52.41773200757576
7810,6,0.01775568181818182,52.435487689393945
7831,1,0.002959280303030303,52.43844696969697
7849,6,0.01775568181818182,52.45620265151515
7854,6,0.01775568181818182,52.473958333333336
7868,6,0.01775568181818182,52.491714015151516
7883,6,0.01775568181818182,52.5094696969697
7890,1,0.002959280303030303,52.51242897727273
7917,6,0.01775568181818182,52.53018465909091
7918,6,0.01775568181818182,52.54794034090909
7928,6,0.01775568181818182,52.56569602272727
7929,6,0.01775568181818182,52.58345170454546
7934,6,0.01775568181818182,52.60120738636363
7950,12,0.03551136363636364,52.63671875
7953,6,0.01775568181818182,52.65447443181818
7955,6,0.01775568181818182,52.67223011363637
7957,6,0.01775568181818182,52.68998579545454
7960,6,0.01775568181818182,52.70774147727273
7961,6,0.01775568181818182,52.72549715909091
7987,6,0.01775568181818182,52.74325284090909
7998,6,0.01775568181818182,52.76100852272727
8000,6,0.01775568181818182,52.77876420454546
8001,6,0.01775568181818182,52.79651988636363
8004,6,0.01775568181818182,52.81427556818182
8064,6,0.01775568181818182,52.83203125
8068,6,0.01775568181818182,52.84978693181818
8073,6,0.01775568181818182,52.86754261363637
8075,6,0.01775568181818182,52.88529829545454
8091,6,0.01775568181818182,52.90305397727273
8106,6,0.01775568181818182,52.92080965909091
8134,6,0.01775568181818182,52.93856534090909
8143,6,0.01775568181818182,52.95632102272727
8154,6,0.01775568181818182,52.97407670454546
8168,6,0.01775568181818182,52.99183238636363
8171,6,0.01775568181818182,53.00958806818182
8172,1,0.002959280303030303,53.01254734848485
8194,6,0.01775568181818182,53.03030303030303
8197,6,0.01775568181818182,53.04805871212122
8203,6,0.01775568181818182,53.06581439393939
8225,6,0.01775568181818182,53.08357007575758
8229,6,0.01775568181818182,53.10132575757576
8234,6,0.01775568181818182,53.119081439393945
8247,6,0.01775568181818182,53.136837121212125
8251,6,0.01775568181818182,53.1545928030303
8263,6,0.01775568181818182,53.172348484848484
8280,6,0.01775568181818182,53.190104166666664
8291,6,0.01775568181818182,53.20785984848485
8312,12,0.03551136363636364,53.24337121212122
8318,6,0.01775568181818182,53.26112689393939
8322,6,0.01775568181818182,53.27888257575758
8343,6,0.01775568181818182,53.29663825757576
8353,6,0.01775568181818182,53.314393939393945
8374,1,0.002959280303030303,53.31735321969697
8375,6,0.01775568181818182,53.33510890151515
8386,6,0.01775568181818182,53.352864583333336
8392,7,0.02071496212121212,53.37357954545454
8425,6,0.01775568181818182,53.39133522727273
8428,6,0.01775568181818182,53.40909090909091
8459,6,0.01775568181818182,53.42684659090909
8493,6,0.01775568181818182,53.44460227272727
8504,6,0.01775568181818182,53.46235795454546
8507,6,0.01775568181818182,53.48011363636363
8516,6,0.01775568181818182,53.49786931818182
8521,1,0.002959280303030303,53.50082859848485
8527,6,0.01775568181818182,53.51858428030303
8550,6,0.01775568181818182,53.53633996212122
8555,12,0.03551136363636364,53.57185132575758
8566,6,0.01775568181818182,53.58960700757576
8571,12,0.03551136363636364,53.625118371212125
8589,6,0.01775568181818182,53.6428740530303
8595,6,0.01775568181818182,53.660629734848484
8611,6,0.01775568181818182,53.678385416666664
8626,6,0.01775568181818182,53.69614109848485
8633,1,0.002959280303030303,53.699100378787875
8634,6,0.01775568181818182,53.716856060606055
8640,6,0.01775568181818182,53.73461174242424
8650,12,0.03551136363636364,53.77012310606061
8662,6,0.01775568181818182,53.78787878787878
8677,12,0.03551136363636364,53.82339015151515
8679,6,0.01775568181818182,53.841145833333336
8684,6,0.01775568181818182,53.858901515151516
8693,6,0.01775568181818182,53.8766571969697
8701,6,0.01775568181818182,53.894412878787875
8731,6,0.01775568181818182,53.912168560606055
8754,6,0.01775568181818182,53.92992424242424
8773,6,0.01775568181818182,53.94767992424242
8790,6,0.01775568181818182,53.96543560606061
8807,6,0.01775568181818182,53.98319128787878
8829,6,0.01775568181818182,54.00094696969697
8880,6,0.01775568181818182,54.01870265151515
8888,6,0.01775568181818182,54.036458333333336
8891,6,0.01775568181818182,54.054214015151516
8904,1,0.002959280303030303,54.05717329545454
8905,6,0.01775568181818182,54.07492897727273
8910,1,0.002959280303030303,54.07788825757576
8914,1,0.002959280303030303,54.08084753787878
8942,6,0.01775568181818182,54.09860321969697
8968,6,0.01775568181818182,54.11635890151515
8983,6,0.01775568181818182,54.134114583333336
9017,6,0.01775568181818182,54.151870265151516
9019,6,0.01775568181818182,54.1696259469697
9022,6,0.01775568181818182,54.187381628787875
9025,6,0.01775568181818182,54.205137310606055
9034,6,0.01775568181818182,54.22289299242424
9069,6,0.01775568181818182,54.24064867424242
9090,6,0.01775568181818182,54.25840435606061
9119,6,0.01775568181818182,54.27616003787878
9142,12,0.03551136363636364,54.31167140151515
9143,6,0.01775568181818182,54.329427083333336
9171,6,0.01775568181818182,54.347182765151516
9178,6,0.01775568181818182,54.3649384469697
9202,6,0.01775568181818182,54.382694128787875
9213,6,0.01775568181818182,54.400449810606055
9216,6,0.01775568181818182,54.41820549242424
9217,6,0.01775568181818182,54.43596117424242
9244,6,0.01775568181818182,54.45371685606061
9289,6,0.01775568181818182,54.47147253787878
9297,1,0.002959280303030303,54.47443181818182
9377,6,0.01775568181818182,54.4921875
9395,6,0.01775568181818182,54.50994318181818
9421,6,0.01775568181818182,54.52769886363637
9444,6,0.01775568181818182,54.54545454545454
9465,6,0.01775568181818182,54.56321022727273
9475,6,0.01775568181818182,54.58096590909091
9485,6,0.01775568181818182,54.59872159090909
9486,6,0.01775568181818182,54.61647727272727
9488,6,0.01775568181818182,54.63423295454546
9493,6,0.01775568181818182,54.65198863636363
9513,6,0.01775568181818182,54.66974431818182
9528,6,0.01775568181818182,54.6875
9540,6,0.01775568181818182,54.70525568181818
9560,6,0.01775568181818182,54.72301136363637
9573,6,0.01775568181818182,54.74076704545454
9594,6,0.01775568181818182,54.75852272727273
9604,6,0.01775568181818182,54.77627840909091
9620,6,0.01775568181818182,54.79403409090909
9626,6,0.01775568181818182,54.81178977272727
9629,6,0.01775568181818182,54.82954545454546
9631,6,0.01775568181818182,54.84730113636363
9638,6,0.01775568181818182,54.86505681818182
9648,6,0.01775568181818182,54.8828125
9657,6,0.01775568181818182,54.90056818181818
9661,6,0.01775568181818182,54.91832386363637
9680,6,0.01775568181818182,54.93607954545454
9685,6,0.01775568181818182,54.95383522727273
9713,6,0.01775568181818182,54.97159090909091
9726,6,0.01775568181818182,54.98934659090909
9768,6,0.01775568181818182,55.00710227272727
9786,6,0.01775568181818182,55.02485795454546
9789,6,0.01775568181818182,55.04261363636363
9791,6,0.01775568181818182,55.06036931818182
9805,6,0.01775568181818182,55.078125
9812,6,0.01775568181818182,55.09588068181818
9824,6,0.01775568181818182,55.11363636363637
9838,6,0.01775568181818182,55.13139204545454
9840,12,0.03551136363636364,55.16690340909091
9863,6,0.01775568181818182,55.18465909090909
9869,6,0.01775568181818182,55.20241477272727
9871,6,0.01775568181818182,55.22017045454546
9879,6,0.01775568181818182,55.23792613636363
9898,6,0.01775568181818182,55.25568181818182
9899,12,0.03551136363636364,55.29119318181818
9901,6,0.01775568181818182,55.30894886363637
9925,6,0.01775568181818182,55.32670454545454
9931,6,0.01775568181818182,55.34446022727273
9934,6,0.01775568181818182,55.36221590909091
9941,6,0.01775568181818182,55.37997159090909
9942,6,0.01775568181818182,55.39772727272727
9956,6,0.01775568181818182,55.41548295454546
10018,6,0.01775568181818182,55.43323863636363
10026,6,0.01775568181818182,55.45099431818182
10030,6,0.01775568181818182,55.46875
10051,6,0.01775568181818182,55.48650568181818
10053,6,0.01775568181818182,55.50426136363637
10082,6,0.01775568181818182,55.52201704545454
10104,6,0.01775568181818182,55.53977272727273
10116,6,0.01775568181818182,55.55752840909091
10137,6,0.01775568181818182,55.57528409090909
10142,6,0.01775568181818182,55.59303977272727
10146,6,0.01775568181818182,55.61079545454546
10148,6,0.01775568181818182,55.62855113636363
10161,6,0.01775568181818182,55.64630681818182
10173,6,0.01775568181818182,55.6640625
10238,6,0.01775568181818182,55.68181818181818
10242,6,0.01775568181818182,55.69957386363637
10267,6,0.01775568181818182,55.71732954545454
10275,6,0.01775568181818182,55.73508522727273
10281,6,0.01775568181818182,55.75284090909091
10288,6,0.01775568181818182,55.77059659090909
10298,6,0.01775568181818182,55.78835227272727
10321,6,0.01775568181818182,55.80610795454546
10323,6,0.01775568181818182,55.82386363636363
10337,6,0.01775568181818182,55.84161931818182
10342,6,0.01775568181818182,55.859375
10359,6,0.01775568181818182,55.87713068181818
10370,6,0.01775568181818182,55.89488636363637
10393,6,0.01775568181818182,55.91264204545454
10394,6,0.01775568181818182,55.93039772727273
10397,6,0.01775568181818182,55.94815340909091
10404,6,0.01775568181818182,55.96590909090909
10408,6,0.01775568181818182,55.98366477272727
10411,6,0.01775568181818182,56.00142045454546
10415,12,0.03551136363636364,56.03693181818182
10417,6,0.01775568181818182,56.0546875
10457,6,0.01775568181818182,56.07244318181818
10469,6,0.01775568181818182,56.09019886363637
10515,6,0.01775568181818182,56.10795454545454
10531,6,0.01775568181818182,56.12571022727273
10540,6,0.01775568181818182,56.14346590909091
10553,6,0.01775568181818182,56.16122159090909
10556,6,0.01775568181818182,56.17897727272727
10566,6,0.01775568181818182,56.19673295454546
10569,6,0.01775568181818182,56.21448863636363
10570,1,0.002959280303030303,56.217447916666664
10601,6,0.01775568181818182,56.23520359848485
10616,6,0.01775568181818182,56.25295928030303
10645,6,0.01775568181818182,56.27071496212122
10663,6,0.01775568181818182,56.28847064393939
10694,1,0.002959280303030303,56.29142992424242
10706,6,0.01775568181818182,56.30918560606061
10707,6,0.01775568181818182,56.32694128787878
10718,6,0.01775568181818182,56.34469696969697
10721,6,0.01775568181818182,56.36245265151515
10727,6,0.01775568181818182,56.380208333333336
10731,12,0.03551136363636364,56.4157196969697
10760,6,0.01775568181818182,56.433475378787875
10786,6,0.01775568181818182,56.451231060606055
10797,6,0.01775568181818182,56.46898674242424
10825,6,0.01775568181818182,56.48674242424242
10872,6,0.01775568181818182,56.50449810606061
10879,1,0.002959280303030303,56.50745738636363
10887,6,0.01775568181818182,56.52521306818182
10903,6,0.01775568181818182,56.54296875
10944,1,0.002959280303030303,56.54592803030303
10952,6,0.01775568181818182,56.56368371212122
10960,6,0.01775568181818182,56.58143939393939
10979,12,0.03551136363636364,56.61695075757576
10980,6,0.01775568181818182,56.634706439393945
11011,6,0.01775568181818182,56.652462121212125
11014,6,0.01775568181818182,56.6702178030303
11030,2,0.005918560606060606,56.67613636363637
11052,6,0.01775568181818182,56.69389204545454
11068,6,0.01775568181818182,56.71164772727273
11097,6,0.01775568181818182,56.72940340909091
11113,6,0.01775568181818182,56.74715909090909
11161,1,0.002959280303030303,56.750118371212125
11166,6,0.01775568181818182,56.7678740530303
11186,6,0.01775568181818182,56.785629734848484
11220,6,0.01775568181818182,56.803385416666664
11223,6,0.01775568181818182,56.82114109848485
11224,6,0.01775568181818182,56.83889678030303
11226,6,0.01775568181818182,56.85665246212122
11248,6,0.01775568181818182,56.87440814393939
11250,6,0.01775568181818182,56.89216382575758
11314,6,0.01775568181818182,56.90991950757576
11324,6,0.01775568181818182,56.927675189393945
11325,6,0.01775568181818182,56.945430871212125
11341,6,0.01775568181818182,56.9631865530303
11352,6,0.01775568181818182,56.980942234848484
11422,1,0.002959280303030303,56.983901515151516
11438,6,0.01775568181818182,57.0016571969697
11448,6,0.01775568181818182,57.019412878787875
11460,6,0.01775568181818182,57.037168560606055
11467,6,0.01775568181818182,57.05492424242424
11476,6,0.01775568181818182,57.07267992424242
11506,12,0.03551136363636364,57.10819128787878
11521,6,0.01775568181818182,57.12594696969697
11534,6,0.01775568181818182,57.14370265151515
11542,6,0.01775568181818182,57.161458333333336
11574,6,0.01775568181818182,57.179214015151516
11590,6,0.01775568181818182,57.1969696969697
11622,6,0.01775568181818182,57.214725378787875
11624,6,0.01775568181818182,57.232481060606055
11629,6,0.01775568181818182,57.25023674242424
11642,6,0.01775568181818182,57.26799242424242
11662,6,0.01775568181818182,57.28574810606061
11672,6,0.01775568181818182,57.30350378787878
11685,6,0.01775568181818182,57.32125946969697
11691,6,0.01775568181818182,57.33901515151515
11723,6,0.01775568181818182,57.356770833333336
11731,6,0.01775568181818182,57.374526515151516
11743,6,0.01775568181818182,57.3922821969697
11871,6,0.01775568181818182,57.410037878787875
11872,6,0.01775568181818182,57.427793560606055
11877,6,0.01775568181818182,57.44554924242424
11890,6,0.01775568181818182,57.46330492424242
11891,6,0.01775568181818182,57.48106060606061
11901,6,0.01775568181818182,57.49881628787878
11940,6,0.01775568181818182,57.51657196969697
11946,1,0.002959280303030303,57.51953125
11969,6,0.01775568181818182,57.53728693181818
11974,6,0.01775568181818182,57.55504261363637
11994,6,0.01775568181818182,57.57279829545454
12001,6,0.01775568181818182,57.59055397727273
12005,6,0.01775568181818182,57.60830965909091
12014,6,0.01775568181818182,57.62606534090909
12019,6,0.01775568181818182,57.64382102272727
12026,6,0.01775568181818182,57.66157670454546
12040,6,0.01775568181818182,57.67933238636363
12046,6,0.01775568181818182,57.69708806818182
12048,6,0.01775568181818182,57.71484375
12061,6,0.01775568181818182,57.73259943181818
12071,6,0.01775568181818182,57.75035511363637
12076,6,0.01775568181818182,57.76811079545454
12095,6,0.01775568181818182,57.78586647727273
12096,6,0.01775568181818182,57.80362215909091
12205,6,0.01775568181818182,57.82137784090909
12207,6,0.01775568181818182,57.83913352272727
12216,6,0.01775568181818182,57.85688920454546
12245,6,0.01775568181818182,57.87464488636363
12268,6,0.01775568181818182,57.89240056818182
12271,6,0.01775568181818182,57.91015625
12314,6,0.01775568181818182,57.92791193181818
12327,6,0.01775568181818182,57.94566761363637
12329,6,0.01775568181818182,57.96342329545454
12341,6,0.01775568181818182,57.98117897727273
12354,6,0.01775568181818182,57.99893465909091
12412,6,0.01775568181818182,58.01669034090909
12426,6,0.01775568181818182,58.03444602272727
12430,6,0.01775568181818182,58.05220170454546
12442,6,0.01775568181818182,58.06995738636363
12507,6,0.01775568181818182,58.08771306818182
12519,6,0.01775568181818182,58.10546875
12643,6,0.01775568181818182,58.12322443181818
12651,6,0.01775568181818182,58.14098011363637
12685,6,0.01775568181818182,58.15873579545454
12704,6,0.01775568181818182,58.17649147727273
12708,6,0.01775568181818182,58.19424715909091
12756,6,0.01775568181818182,58.21200284090909
12768,6,0.01775568181818182,58.22975852272727
12769,6,0.01775568181818182,58.24751420454546
12778,6,0.01775568181818182,58.26526988636363
12794,6,0.01775568181818182,58.28302556818182
12796,6,0.01775568181818182,58.30078125
12812,1,0.002959280303030303,58.30374053030303
12819,6,0.01775568181818182,58.32149621212122
12866,6,0.01775568181818182,58.33925189393939
12894,6,0.01775568181818182,58.35700757575758
12907,6,0.01775568181818182,58.37476325757576
12910,6,0.01775568181818182,58.392518939393945
12929,6,0.01775568181818182,58.410274621212125
12934,6,0.01775568181818182,58.4280303030303
12975,6,0.01775568181818182,58.445785984848484
13026,6,0.01775568181818182,58.463541666666664
13040,6,0.01775568181818182,58.48129734848485
13056,1,0.002959280303030303,58.484256628787875
13064,6,0.01775568181818182,58.502012310606055
13067,6,0.01775568181818182,58.51976799242424
13100,6,0.01775568181818182,58.53752367424242
13122,6,0.01775568181818182,58.55527935606061
13177,6,0.01775568181818182,58.57303503787878
13178,6,0.01775568181818182,58.59079071969697
13182,6,0.01775568181818182,58.60854640151515
13198,6,0.01775568181818182,58.626302083333336
13209,6,0.01775568181818182,58.644057765151516
13249,1,0.002959280303030303,58.64701704545454
13254,6,0.01775568181818182,58.66477272727273
13273,6,0.01775568181818182,58.68252840909091
13300,6,0.01775568181818182,58.70028409090909
13311,1,0.002959280303030303,58.703243371212125
13332,6,0.01775568181818182,58.7209990530303
13366,6,0.01775568181818182,58.738754734848484
13373,6,0.01775568181818182,58.756510416666664
13378,6,0.01775568181818182,58.77426609848485
13395,6,0.01775568181818182,58.79202178030303
13398,6,0.01775568181818182,58.80977746212122
13442,6,0.01775568181818182,58.82753314393939
13449,6,0.01775568181818182,58.84528882575758
13470,1,0.002959280303030303,58.84824810606061
13496,6,0.01775568181818182,58.86600378787878
13498,6,0.01775568181818182,58.88375946969697
13507,6,0.01775568181818182,58.90151515151515
13528,6,0.01775568181818182,58.919270833333336
13553,6,0.01775568181818182,58.937026515151516
13598,6,0.01775568181818182,58.9547821969697
13605,6,0.01775568181818182,58.972537878787875
13609,6,0.01775568181818182,58.990293560606055
13637,6,0.01775568181818182,59.00804924242424
13654,6,0.01775568181818182,59.02580492424242
13660,6,0.01775568181818182,59.04356060606061
13667,6,0.01775568181818182,59.06131628787878
13702,6,0.01775568181818182,59.07907196969697
13736,6,0.01775568181818182,59.09682765151515
13742,6,0.01775568181818182,59.114583333333336
13751,6,0.01775568181818182,59.132339015151516
13768,6,0.01775568181818182,59.1500946969697
13804,6,0.01775568181818182,59.167850378787875
13845,6,0.01775568181818182,59.185606060606055
13876,12,0.03551136363636364,59.22111742424242
13883,6,0.01775568181818182,59.23887310606061
13884,6,0.01775568181818182,59.25662878787878
13900,6,0.01775568181818182,59.27438446969697
13940,6,0.01775568181818182,59.29214015151515
13958,6,0.01775568181818182,59.309895833333336
13984,6,0.01775568181818182,59.327651515151516
14008,6,0.01775568181818182,59.3454071969697
14052,6,0.01775568181818182,59.363162878787875
14088,6,0.01775568181818182,59.380918560606055
14109,6,0.01775568181818182,59.39867424242424
14125,6,0.01775568181818182,59.41642992424242
14128,6,0.01775568181818182,59.43418560606061
14175,6,0.01775568181818182,59.45194128787878
14201,6,0.01775568181818182,59.46969696969697
14203,12,0.03551136363636364,59.505208333333336
14268,6,0.01775568181818182,59.522964015151516
14278,6,0.01775568181818182,59.5407196969697
14282,6,0.01775568181818182,59.558475378787875
14283,6,0.01775568181818182,59.576231060606055
14285,6,0.01775568181818182,59.59398674242424
14287,6,0.01775568181818182,59.61174242424242
14312,6,0.01775568181818182,59.62949810606061
14321,18,0.05326704545454545,59.68276515151515
14325,6,0.01775568181818182,59.700520833333336
14385,6,0.01775568181818182,59.718276515151516
14386,6,0.01775568181818182,59.7360321969697
14397,6,0.01775568181818182,59.753787878787875
14398,6,0.01775568181818182,59.771543560606055
14400,6,0.01775568181818182,59.78929924242424
14477,6,0.01775568181818182,59.80705492424242
14503,6,0.01775568181818182,59.82481060606061
14548,6,0.01775568181818182,59.84256628787878
14554,6,0.01775568181818182,59.86032196969697
14559,6,0.01775568181818182,59.87807765151515
14606,6,0.01775568181818182,59.895833333333336
14612,6,0.01775568181818182,59.913589015151516
14633,6,0.01775568181818182,59.9313446969697
14655,6,0.01775568181818182,59.949100378787875
14682,6,0.01775568181818182,59.966856060606055
14699,6,0.01775568181818182,59.98461174242424
14710,6,0.01775568181818182,60.00236742424242
14713,6,0.01775568181818182,60.02012310606061
14745,6,0.01775568181818182,60.03787878787878
14759,6,0.01775568181818182,60.05563446969697
14760,1,0.002959280303030303,60.05859375
14761,6,0.01775568181818182,60.07634943181818
14765,6,0.01775568181818182,60.09410511363637
14783,6,0.01775568181818182,60.11186079545454
14792,6,0.01775568181818182,60.12961647727273
14879,6,0.01775568181818182,60.14737215909091
14915,6,0.01775568181818182,60.16512784090909
14968,6,0.01775568181818182,60.18288352272727
14992,6,0.01775568181818182,60.20063920454546
15022,6,0.01775568181818182,60.21839488636363
15039,6,0.01775568181818182,60.23615056818182
15073,6,0.01775568181818182,60.25390625
15091,6,0.01775568181818182,60.27166193181818
15137,6,0.01775568181818182,60.28941761363637
15141,6,0.01775568181818182,60.30717329545454
15148,6,0.01775568181818182,60.32492897727273
15171,6,0.01775568181818182,60.34268465909091
15174,6,0.01775568181818182,60.36044034090909
15217,6,0.01775568181818182,60.37819602272727
15232,6,0.01775568181818182,60.39595170454546
15234,6,0.01775568181818182,60.41370738636363
15251,6,0.01775568181818182,60.43146306818182
15262,6,0.01775568181818182,60.44921875
15289,6,0.01775568181818182,60.46697443181818
15325,6,0.01775568181818182,60.48473011363637
15342,6,0.01775568181818182,60.50248579545454
15379,6,0.01775568181818182,60.52024147727273
15402,6,0.01775568181818182,60.53799715909091
15413,6,0.01775568181818182,60.55575284090909
15437,6,0.01775568181818182,60.57350852272727
15509,6,0.01775568181818182,60.59126420454546
15545,6,0.01775568181818182,60.60901988636363
15549,6,0.01775568181818182,60.62677556818182
15564,6,0.01775568181818182,60.64453125
15591,6,0.01775568181818182,60.66228693181818
15592,6,0.01775568181818182,60.68004261363637
15607,6,0.01775568181818182,60.69779829545454
15629,6,0.01775568181818182,60.71555397727273
15636,6,0.01775568181818182,60.73330965909091
15647,6,0.01775568181818182,60.75106534090909
15655,6,0.01775568181818182,60.76882102272727
15696,6,0.01775568181818182,60.78657670454546
15795,6,0.01775568181818182,60.80433238636363
15879,6,0.01775568181818182,60.82208806818182
15881,6,0.01775568181818182,60.83984375
15888,6,0.01775568181818182,60.85759943181818
15910,6,0.01775568181818182,60.87535511363637
15960,6,0.01775568181818182,60.89311079545454
15962,6,0.01775568181818182,60.91086647727273
15965,6,0.01775568181818182,60.92862215909091
16016,6,0.01775568181818182,60.94637784090909
16026,6,0.01775568181818182,60.96413352272727
16057,6,0.01775568181818182,60.98188920454546
16103,6,0.01775568181818182,60.99964488636363
16114,6,0.01775568181818182,61.01740056818182
16129,6,0.01775568181818182,61.03515625
16131,6,0.01775568181818182,61.05291193181818
16135,6,0.01775568181818182,61.07066761363637
16154,6,0.01775568181818182,61.08842329545454
16168,6,0.01775568181818182,61.10617897727273
16254,6,0.01775568181818182,61.12393465909091
16264,6,0.01775568181818182,61.14169034090909
16338,6,0.01775568181818182,61.15944602272727
16344,6,0.01775568181818182,61.17720170454546
16347,1,0.002959280303030303,61.180160984848484
16363,6,0.01775568181818182,61.197916666666664
16418,6,0.01775568181818182,61.21567234848485
16458,6,0.01775568181818182,61.23342803030303
16496,6,0.01775568181818182,61.25118371212122
16516,6,0.01775568181818182,61.26893939393939
16517,6,0.01775568181818182,61.28669507575758
16536,6,0.01775568181818182,61.30445075757576
16547,6,0.01775568181818182,61.322206439393945
16570,6,0.01775568181818182,61.339962121212125
16574,6,0.01775568181818182,61.3577178030303
16582,6,0.01775568181818182,61.375473484848484
16663,6,0.01775568181818182,61.393229166666664
16666,6,0.01775568181818182,61.41098484848485
16675,6,0.01775568181818182,61.42874053030303
16690,6,0.01775568181818182,61.44649621212122
16709,6,0.01775568181818182,61.46425189393939
16748,6,0.01775568181818182,61.48200757575758
16759,6,0.01775568181818182,61.49976325757576
16763,6,0.01775568181818182,61.517518939393945
16826,6,0.01775568181818182,61.535274621212125
16898,6,0.01775568181818182,61.5530303030303
16932,6,0.01775568181818182,61.570785984848484
16948,6,0.01775568181818182,61.588541666666664
16951,6,0.01775568181818182,61.60629734848485
16970,6,0.01775568181818182,61.62405303030303
16993,6,0.01775568181818182,61.64180871212122
16994,6,0.01775568181818182,61.65956439393939
17015,6,0.01775568181818182,61.67732007575758
17018,6,0.01775568181818182,61.69507575757576
17032,6,0.01775568181818182,61.712831439393945
17049,6,0.01775568181818182,61.730587121212125
17055,6,0.01775568181818182,61.7483428030303
17078,6,0.01775568181818182,61.766098484848484
17101,6,0.01775568181818182,61.783854166666664
17140,6,0.01775568181818182,61.80160984848485
17143,6,0.01775568181818182,61.81936553030303
17147,6,0.01775568181818182,61.83712121212122
17157,6,0.01775568181818182,61.85487689393939
17240,6,0.01775568181818182,61.87263257575758
17287,6,0.01775568181818182,61.89038825757576
17293,6,0.01775568181818182,61.908143939393945
17316,6,0.01775568181818182,61.925899621212125
17428,1,0.002959280303030303,61.92885890151515
17435,6,0.01775568181818182,61.946614583333336
17456,6,0.01775568181818182,61.964370265151516
17459,6,0.01775568181818182,61.9821259469697
17504,6,0.01775568181818182,61.999881628787875
17508,6,0.01775568181818182,62.017637310606055
17538,6,0.01775568181818182,62.03539299242424
17549,6,0.01775568181818182,62.05314867424242
17611,6,0.01775568181818182,62.07090435606061
17639,6,0.01775568181818182,62.08866003787878
17646,6,0.01775568181818182,62.10641571969697
17647,6,0.01775568181818182,62.12417140151515
17693,6,0.01775568181818182,62.141927083333336
17698,6,0.01775568181818182,62.159682765151516
17715,6,0.01775568181818182,62.1774384469697
17736,6,0.01775568181818182,62.195194128787875
17752,6,0.01775568181818182,62.212949810606055
17857,6,0.01775568181818182,62.23070549242424
17892,6,0.01775568181818182,62.24846117424242
17895,6,0.01775568181818182,62.26621685606061
17896,6,0.01775568181818182,62.28397253787878
17962,6,0.01775568181818182,62.30172821969697
18023,6,0.01775568181818182,62.31948390151515
18054,6,0.01775568181818182,62.337239583333336
18057,6,0.01775568181818182,62.354995265151516
18064,6,0.01775568181818182,62.3727509469697
18067,6,0.01775568181818182,62.390506628787875
18080,6,0.01775568181818182,62.408262310606055
18110,6,0.01775568181818182,62.42601799242424
18129,6,0.01775568181818182,62.44377367424242
18133,6,0.01775568181818182,62.46152935606061
18165,6,0.01775568181818182,62.47928503787878
18189,6,0.01775568181818182,62.49704071969697
18203,6,0.01775568181818182,62.51479640151515
18224,6,0.01775568181818182,62.532552083333336
18287,6,0.01775568181818182,62.550307765151516
18302,6,0.01775568181818182,62.5680634469697
18371,6,0.01775568181818182,62.585819128787875
18393,6,0.01775568181818182,62.603574810606055
18412,6,0.01775568181818182,62.62133049242424
18486,6,0.01775568181818182,62.63908617424242
18497,6,0.01775568181818182,62.65684185606061
18549,6,0.01775568181818182,62.67459753787878
18559,6,0.01775568181818182,62.69235321969697
18633,6,0.01775568181818182,62.71010890151515
18655,6,0.01775568181818182,62.727864583333336
18670,6,0.01775568181818182,62.745620265151516
18695,6,0.01775568181818182,62.7633759469697
18715,6,0.01775568181818182,62.781131628787875
18722,6,0.01775568181818182,62.798887310606055
18725,6,0.01775568181818182,62.81664299242424
18740,6,0.01775568181818182,62.83439867424242
18743,6,0.01775568181818182,62.85215435606061
18746,6,0.01775568181818182,62.86991003787878
18751,6,0.01775568181818182,62.88766571969697
18764,6,0.01775568181818182,62.90542140151515
18777,6,0.01775568181818182,62.923177083333336
18801,6,0.01775568181818182,62.940932765151516
18805,6,0.01775568181818182,62.9586884469697
18806,6,0.01775568181818182,62.976444128787875
18940,6,0.01775568181818182,62.994199810606055
18983,6,0.01775568181818182,63.01195549242424
19011,6,0.01775568181818182,63.02971117424242
19043,6,0.01775568181818182,63.04746685606061
19056,6,0.01775568181818182,63.06522253787878
19075,6,0.01775568181818182,63.08297821969697
19076,6,0.01775568181818182,63.10073390151515
19153,6,0.01775568181818182,63.118489583333336
19201,6,0.01775568181818182,63.136245265151516
19225,6,0.01775568181818182,63.1540009469697
19232,6,0.01775568181818182,63.171756628787875
19242,6,0.01775568181818182,63.189512310606055
19280,6,0.01775568181818182,63.20726799242424
19287,6,0.01775568181818182,63.22502367424242
19307,6,0.01775568181818182,63.24277935606061
19327,6,0.01775568181818182,63.26053503787878
19353,6,0.01775568181818182,63.27829071969697
19451,6,0.01775568181818182,63.29604640151515
19496,6,0.01775568181818182,63.313802083333336
19502,6,0.01775568181818182,63.331557765151516
19509,6,0.01775568181818182,63.3493134469697
19524,6,0.01775568181818182,63.367069128787875
19531,6,0.01775568181818182,63.384824810606055
19612,6,0.01775568181818182,63.40258049242424
19619,6,0.01775568181818182,63.42033617424242
19620,6,0.01775568181818182,63.43809185606061
19629,6,0.01775568181818182,63.45584753787878
19643,6,0.01775568181818182,63.47360321969697
19650,6,0.01775568181818182,63.49135890151515
19722,6,0.01775568181818182,63.509114583333336
19736,6,0.01775568181818182,63.526870265151516
19745,6,0.01775568181818182,63.5446259469697
19747,6,0.01775568181818182,63.562381628787875
19774,6,0.01775568181818182,63.580137310606055
19780,6,0.01775568181818182,63.59789299242424
19794,6,0.01775568181818182,63.61564867424242
19803,6,0.01775568181818182,63.63340435606061
19817,6,0.01775568181818182,63.65116003787878
19827,6,0.01775568181818182,63.66891571969697
19852,6,0.01775568181818182,63.68667140151515
19858,6,0.01775568181818182,63.704427083333336
19880,6,0.01775568181818182,63.722182765151516
19886,6,0.01775568181818182,63.7399384469697
19934,6,0.01775568181818182,63.757694128787875
19951,6,0.01775568181818182,63.775449810606055
19970,6,0.01775568181818182,63.79320549242424
19980,6,0.01775568181818182,63.81096117424242
20016,6,0.01775568181818182,63.82871685606061
20067,6,0.01775568181818182,63.84647253787878
20074,6,0.01775568181818182,63.86422821969697
20078,6,0.01775568181818182,63.88198390151515
20081,6,0.01775568181818182,63.899739583333336
20097,6,0.01775568181818182,63.917495265151516
20190,6,0.01775568181818182,63.9352509469697
20256,6,0.01775568181818182,63.953006628787875
20260,6,0.01775568181818182,63.970762310606055
20305,1,0.002959280303030303,63.97372159090909
20318,6,0.01775568181818182,63.99147727272727
20329,6,0.01775568181818182,64.00923295454545
20333,6,0.01775568181818182,64.02698863636364
20350,1,0.002959280303030303,64.02994791666666
20402,6,0.01775568181818182,64.04770359848484
20423,6,0.01775568181818182,64.06545928030303
20445,6,0.01775568181818182,64.08321496212122
20453,6,0.01775568181818182,64.10097064393939
20473,6,0.01775568181818182,64.11872632575758
20479,6,0.01775568181818182,64.13648200757575
20480,6,0.01775568181818182,64.15423768939394
20516,6,0.01775568181818182,64.17199337121212
20517,6,0.01775568181818182,64.1897490530303
20582,6,0.01775568181818182,64.20750473484848
20594,6,0.01775568181818182,64.22526041666666
20653,1,0.002959280303030303,64.2282196969697
20690,6,0.01775568181818182,64.24597537878788
20749,6,0.01775568181818182,64.26373106060606
20751,6,0.01775568181818182,64.28148674242425
20793,1,0.002959280303030303,64.28444602272727
20862,6,0.01775568181818182,64.30220170454545
20868,6,0.01775568181818182,64.31995738636364
20901,6,0.01775568181818182,64.33771306818183
20917,6,0.01775568181818182,64.35546875
20932,6,0.01775568181818182,64.37322443181817
20969,6,0.01775568181818182,64.39098011363636
20970,6,0.01775568181818182,64.40873579545455
20981,6,0.01775568181818182,64.42649147727273
21005,6,0.01775568181818182,64.4442471590909
21017,6,0.01775568181818182,64.4620028409091
21052,6,0.01775568181818182,64.47975852272727
21099,6,0.01775568181818182,64.49751420454545
21116,6,0.01775568181818182,64.51526988636364
21172,6,0.01775568181818182,64.53302556818183
21192,6,0.01775568181818182,64.55078125
21220,6,0.01775568181818182,64.56853693181817
21223,6,0.01775568181818182,64.58629261363636
21289,6,0.01775568181818182,64.60404829545455
21294,6,0.01775568181818182,64.62180397727273
21302,6,0.01775568181818182,64.6395596590909
21352,6,0.01775568181818182,64.6573153409091
21401,6,0.01775568181818182,64.67507102272727
21426,6,0.01775568181818182,64.69282670454545
21566,6,0.01775568181818182,64.71058238636364
21577,6,0.01775568181818182,64.72833806818183
21604,6,0.01775568181818182,64.74609375
21605,6,0.01775568181818182,64.76384943181817
21626,1,0.002959280303030303,64.76680871212122
21630,6,0.01775568181818182,64.78456439393939
21646,6,0.01775568181818182,64.80232007575758
21670,6,0.01775568181818182,64.82007575757575
21678,6,0.01775568181818182,64.83783143939394
21692,6,0.01775568181818182,64.85558712121212
21706,6,0.01775568181818182,64.8733428030303
21718,6,0.01775568181818182,64.89109848484848
21720,6,0.01775568181818182,64.90885416666666
21722,6,0.01775568181818182,64.92660984848484
21735,6,0.01775568181818182,64.94436553030303
21750,6,0.01775568181818182,64.96212121212122
21819,6,0.01775568181818182,64.97987689393939
21861,6,0.01775568181818182,64.99763257575758
21931,6,0.01775568181818182,65.01538825757575
21946,6,0.01775568181818182,65.03314393939394
22059,6,0.01775568181818182,65.05089962121212
22062,6,0.01775568181818182,65.0686553030303
22121,6,0.01775568181818182,65.08641098484848
22139,6,0.01775568181818182,65.10416666666666
22221,6,0.01775568181818182,65.12192234848484
22228,6,0.01775568181818182,65.13967803030303
22261,6,0.01775568181818182,65.15743371212122
22292,6,0.01775568181818182,65.17518939393939
22369,6,0.01775568181818182,65.19294507575758
22383,6,0.01775568181818182,65.21070075757575
22422,6,0.01775568181818182,65.22845643939394
22459,6,0.01775568181818182,65.24621212121212
22507,6,0.01775568181818182,65.2639678030303
22510,6,0.01775568181818182,65.28172348484848
22558,6,0.01775568181818182,65.29947916666666
22588,12,0.03551136363636364,65.33499053030303
22602,6,0.01775568181818182,65.35274621212122
22613,6,0.01775568181818182,65.37050189393939
22663,1,0.002959280303030303,65.37346117424242
22688,6,0.01775568181818182,65.39121685606061
22692,6,0.01775568181818182,65.40897253787878
22757,6,0.01775568181818182,65.42672821969697
22798,6,0.01775568181818182,65.44448390151516
22839,6,0.01775568181818182,65.46223958333334
22900,1,0.002959280303030303,65.46519886363636
22906,6,0.01775568181818182,65.48295454545455
22908,6,0.01775568181818182,65.50071022727273
22926,6,0.01775568181818182,65.5184659090909
22933,6,0.01775568181818182,65.5362215909091
22947,6,0.01775568181818182,65.55397727272727
22962,6,0.01775568181818182,65.57173295454545
22971,6,0.01775568181818182,65.58948863636364
22998,6,0.01775568181818182,65.60724431818183
23006,6,0.01775568181818182,65.625
23047,6,0.01775568181818182,65.64275568181817
23099,6,0.01775568181818182,65.66051136363636
23102,6,0.01775568181818182,65.67826704545455
23147,6,0.01775568181818182,65.69602272727273
23245,6,0.01775568181818182,65.7137784090909
23277,6,0.01775568181818182,65.7315340909091
23310,6,0.01775568181818182,65.74928977272727
23333,6,0.01775568181818182,65.76704545454545
23353,6,0.01775568181818182,65.78480113636364
23402,6,0.01775568181818182,65.80255681818183
23443,6,0.01775568181818182,65.8203125
23486,6,0.01775568181818182,65.83806818181817
23500,6,0.01775568181818182,65.85582386363636
23542,6,0.01775568181818182,65.87357954545455
23583,6,0.01775568181818182,65.89133522727273
23600,6,0.01775568181818182,65.9090909090909
23604,6,0.01775568181818182,65.9268465909091
23618,6,0.01775568181818182,65.94460227272727
23675,6,0.01775568181818182,65.96235795454545
23705,6,0.01775568181818182,65.98011363636364
23715,6,0.01775568181818182,65.99786931818183
23761,6,0.01775568181818182,66.015625
23784,6,0.01775568181818182,66.03338068181817
23804,12,0.03551136363636364,66.06889204545455
23805,6,0.01775568181818182,66.08664772727273
23806,6,0.01775568181818182,66.1044034090909
23807,6,0.01775568181818182,66.1221590909091
23883,6,0.01775568181818182,66.13991477272727
23897,6,0.01775568181818182,66.15767045454545
23907,6,0.01775568181818182,66.17542613636364
23924,12,0.03551136363636364,66.2109375
23944,6,0.01775568181818182,66.22869318181817
23954,6,0.01775568181818182,66.24644886363636
23971,6,0.01775568181818182,66.26420454545455
23972,6,0.01775568181818182,66.28196022727273
23983,6,0.01775568181818182,66.2997159090909
23988,6,0.01775568181818182,66.3174715909091
23990,12,0.03551136363636364,66.35298295454545
23994,6,0.01775568181818182,66.37073863636364
24010,6,0.01775568181818182,66.38849431818183
24049,12,0.03551136363636364,66.42400568181817
24050,6,0.01775568181818182,66.44176136363636
24059,6,0.01775568181818182,66.45951704545455
24158,6,0.01775568181818182,66.47727272727273
24199,6,0.01775568181818182,66.4950284090909
24237,6,0.01775568181818182,66.5127840909091
24275,6,0.01775568181818182,66.53053977272727
24314,6,0.01775568181818182,66.54829545454545
24339,6,0.01775568181818182,66.56605113636364
24368,6,0.01775568181818182,66.58380681818183
24391,6,0.01775568181818182,66.6015625
24451,6,0.01775568181818182,66.61931818181817
24456,6,0.01775568181818182,66.63707386363636
24517,6,0.01775568181818182,66.65482954545455
24548,6,0.01775568181818182,66.67258522727273
24572,6,0.01775568181818182,66.6903409090909
24578,6,0.01775568181818182,66.7080965909091
24637,6,0.01775568181818182,66.72585227272727
24697,6,0.01775568181818182,66.74360795454545
24698,6,0.01775568181818182,66.76136363636364
24724,6,0.01775568181818182,66.77911931818183
24733,6,0.01775568181818182,66.796875
24741,6,0.01775568181818182,66.81463068181817
24817,6,0.01775568181818182,66.83238636363636
24851,6,0.01775568181818182,66.85014204545455
24880,6,0.01775568181818182,66.86789772727273
24892,6,0.01775568181818182,66.8856534090909
24931,6,0.01775568181818182,66.9034090909091
24994,6,0.01775568181818182,66.92116477272727
25018,6,0.01775568181818182,66.93892045454545
25028,6,0.01775568181818182,66.95667613636364
25055,6,0.01775568181818182,66.97443181818183
25115,6,0.01775568181818182,66.9921875
25131,6,0.01775568181818182,67.00994318181817
25177,6,0.01775568181818182,67.02769886363636
25188,6,0.01775568181818182,67.04545454545455
25217,6,0.01775568181818182,67.06321022727273
25245,6,0.01775568181818182,67.0809659090909
25252,6,0.01775568181818182,67.0987215909091
25326,6,0.01775568181818182,67.11647727272727
25338,6,0.01775568181818182,67.13423295454545
25342,1,0.002959280303030303,67.13719223484848
25346,6,0.01775568181818182,67.15494791666666
25381,6,0.01775568181818182,67.17270359848484
25409,6,0.01775568181818182,67.19045928030303
25486,6,0.01775568181818182,67.20821496212122
25503,6,0.01775568181818182,67.22597064393939
25521,6,0.01775568181818182,67.24372632575758
25523,1,0.002959280303030303,67.24668560606061
25568,6,0.01775568181818182,67.26444128787878
25585,6,0.01775568181818182,67.28219696969697
25587,6,0.01775568181818182,67.29995265151516
25588,6,0.01775568181818182,67.31770833333334
25595,6,0.01775568181818182,67.33546401515152
25638,6,0.01775568181818182,67.3532196969697
25647,6,0.01775568181818182,67.37097537878788
25703,6,0.01775568181818182,67.38873106060606
25737,6,0.01775568181818182,67.40648674242425
25775,6,0.01775568181818182,67.42424242424242
25787,6,0.01775568181818182,67.44199810606061
25837,6,0.01775568181818182,67.45975378787878
25843,6,0.01775568181818182,67.47750946969697
25868,6,0.01775568181818182,67.49526515151516
25872,6,0.01775568181818182,67.51302083333334
25926,6,0.01775568181818182,67.53077651515152
25984,6,0.01775568181818182,67.5485321969697
26028,6,0.01775568181818182,67.56628787878788
26075,6,0.01775568181818182,67.58404356060606
26103,6,0.01775568181818182,67.60179924242425
26129,6,0.01775568181818182,67.61955492424242
26131,6,0.01775568181818182,67.63731060606061
26138,6,0.01775568181818182,67.65506628787878
26141,6,0.01775568181818182,67.67282196969697
26247,6,0.01775568181818182,67.69057765151516
26318,6,0.01775568181818182,67.70833333333334
26337,6,0.01775568181818182,67.72608901515152
26352,6,0.01775568181818182,67.7438446969697
26367,6,0.01775568181818182,67.76160037878788
26375,6,0.01775568181818182,67.77935606060606
26386,6,0.01775568181818182,67.79711174242425
26436,6,0.01775568181818182,67.81486742424242
26469,6,0.01775568181818182,67.83262310606061
26477,6,0.01775568181818182,67.85037878787878
26505,6,0.01775568181818182,67.86813446969697
26553,6,0.01775568181818182,67.88589015151516
26577,6,0.01775568181818182,67.90364583333334
26581,6,0.01775568181818182,67.92140151515152
26606,6,0.01775568181818182,67.9391571969697
26620,6,0.01775568181818182,67.95691287878788
26668,6,0.01775568181818182,67.97466856060606
26703,6,0.01775568181818182,67.99242424242425
26757,6,0.01775568181818182,68.01017992424242
26767,1,0.002959280303030303,68.01313920454545
26793,6,0.01775568181818182,68.03089488636364
26855,6,0.01775568181818182,68.04865056818183
26872,6,0.01775568181818182,68.06640625
26883,6,0.01775568181818182,68.08416193181817
26885,6,0.01775568181818182,68.10191761363636
26893,6,0.01775568181818182,68.11967329545455
26902,6,0.01775568181818182,68.13742897727273
26939,6,0.01775568181818182,68.1551846590909
26950,6,0.01775568181818182,68.1729403409091
27009,6,0.01775568181818182,68.19069602272727
27025,6,0.01775568181818182,68.20845170454545
27033,6,0.01775568181818182,68.22620738636364
27115,6,0.01775568181818182,68.24396306818183
27188,6,0.01775568181818182,68.26171875
27213,1,0.002959280303030303,68.26467803030303
27220,6,0.01775568181818182,68.28243371212122
27225,6,0.01775568181818182,68.30018939393939
27244,6,0.01775568181818182,68.31794507575758
27270,6,0.01775568181818182,68.33570075757575
27279,6,0.01775568181818182,68.35345643939394
27300,6,0.01775568181818182,68.37121212121212
27333,6,0.01775568181818182,68.3889678030303
27348,6,0.01775568181818182,68.40672348484848
27349,6,0.01775568181818182,68.42447916666666
27368,6,0.01775568181818182,68.44223484848484
27370,6,0.01775568181818182,68.45999053030303
27401,6,0.01775568181818182,68.47774621212122
27442,6,0.01775568181818182,68.49550189393939
27458,6,0.01775568181818182,68.51325757575758
27511,6,0.01775568181818182,68.53101325757575
27523,6,0.01775568181818182,68.54876893939394
27561,6,0.01775568181818182,68.56652462121212
27567,6,0.01775568181818182,68.5842803030303
27588,6,0.01775568181818182,68.60203598484848
27592,6,0.01775568181818182,68.61979166666666
27685,6,0.01775568181818182,68.63754734848484
27710,6,0.01775568181818182,68.65530303030303
27740,6,0.01775568181818182,68.67305871212122
27753,6,0.01775568181818182,68.69081439393939
27756,6,0.01775568181818182,68.70857007575758
27757,6,0.01775568181818182,68.72632575757575
27781,6,0.01775568181818182,68.74408143939394
27793,6,0.01775568181818182,68.76183712121212
27820,6,0.01775568181818182,68.7795928030303
27992,6,0.01775568181818182,68.79734848484848
28020,6,0.01775568181818182,68.81510416666666
28108,6,0.01775568181818182,68.83285984848484
28164,6,0.01775568181818182,68.85061553030303
28189,6,0.01775568181818182,68.86837121212122
28321,6,0.01775568181818182,68.88612689393939
28452,6,0.01775568181818182,68.90388257575758
28492,6,0.01775568181818182,68.92163825757575
28503,6,0.01775568181818182,68.93939393939394
28512,6,0.01775568181818182,68.95714962121212
28518,1,0.002959280303030303,68.96010890151516
28566,6,0.01775568181818182,68.97786458333334
28595,6,0.01775568181818182,68.99562026515152
28634,6,0.01775568181818182,69.0133759469697
28652,6,0.01775568181818182,69.03113162878788
28674,6,0.01775568181818182,69.04888731060606
28808,6,0.01775568181818182,69.06664299242425
28875,6,0.01775568181818182,69.08439867424242
28882,6,0.01775568181818182,69.10215435606061
28905,6,0.01775568181818182,69.11991003787878
28918,6,0.01775568181818182,69.13766571969697
28919,6,0.01775568181818182,69.15542140151516
28937,6,0.01775568181818182,69.17317708333334
28950,6,0.01775568181818182,69.19093276515152
29117,6,0.01775568181818182,69.2086884469697
29269,6,0.01775568181818182,69.22644412878788
29330,6,0.01775568181818182,69.24419981060606
29336,6,0.01775568181818182,69.26195549242425
29345,6,0.01775568181818182,69.27971117424242
29415,6,0.01775568181818182,69.29746685606061
29416,6,0.01775568181818182,69.31522253787878
29418,6,0.01775568181818182,69.33297821969697
29421,6,0.01775568181818182,69.35073390151516
29433,6,0.01775568181818182,69.36848958333334
29439,6,0.01775568181818182,69.38624526515152
29481,6,0.01775568181818182,69.4040009469697
29607,6,0.01775568181818182,69.42175662878788
29621,6,0.01775568181818182,69.43951231060606
29636,6,0.01775568181818182,69.45726799242425
29686,6,0.01775568181818182,69.47502367424242
29757,6,0.01775568181818182,69.49277935606061
29786,6,0.01775568181818182,69.51053503787878
29810,6,0.01775568181818182,69.52829071969697
29815,6,0.01775568181818182,69.54604640151516
29839,6,0.01775568181818182,69.56380208333334
29903,6,0.01775568181818182,69.58155776515152
29909,6,0.01775568181818182,69.5993134469697
29938,6,0.01775568181818182,69.61706912878788
29944,6,0.01775568181818182,69.63482481060606
30017,6,0.01775568181818182,69.65258049242425
30054,6,0.01775568181818182,69.67033617424242
30088,6,0.01775568181818182,69.68809185606061
30093,6,0.01775568181818182,69.70584753787878
30098,6,0.01775568181818182,69.72360321969697
30111,6,0.01775568181818182,69.74135890151516
30131,6,0.01775568181818182,69.75911458333334
30162,6,0.01775568181818182,69.77687026515152
30204,6,0.01775568181818182,69.7946259469697
30205,6,0.01775568181818182,69.81238162878788
30210,6,0.01775568181818182,69.83013731060606
30224,6,0.01775568181818182,69.84789299242425
30245,6,0.01775568181818182,69.86564867424242
30250,6,0.01775568181818182,69.88340435606061
30256,6,0.01775568181818182,69.90116003787878
30370,6,0.01775568181818182,69.91891571969697
30394,6,0.01775568181818182,69.93667140151516
30419,6,0.01775568181818182,69.95442708333334
30443,6,0.01775568181818182,69.97218276515152
30469,6,0.01775568181818182,69.9899384469697
30545,6,0.01775568181818182,70.00769412878788
30555,6,0.01775568181818182,70.02544981060606
30556,6,0.01775568181818182,70.04320549242425
30585,6,0.01775568181818182,70.06096117424242
30718,6,0.01775568181818182,70.07871685606061
30722,6,0.01775568181818182,70.09647253787878
30767,6,0.01775568181818182,70.11422821969697
30781,6,0.01775568181818182,70.13198390151516
30785,6,0.01775568181818182,70.14973958333334
30795,6,0.01775568181818182,70.16749526515152
30829,6,0.01775568181818182,70.1852509469697
30884,6,0.01775568181818182,70.20300662878788
30901,6,0.01775568181818182,70.22076231060606
30914,6,0.01775568181818182,70.23851799242425
30923,6,0.01775568181818182,70.25627367424242
30924,6,0.01775568181818182,70.27402935606061
30965,6,0.01775568181818182,70.29178503787878
30977,6,0.01775568181818182,70.30954071969697
31009,6,0.01775568181818182,70.32729640151516
31023,6,0.01775568181818182,70.34505208333334
31071,6,0.01775568181818182,70.36280776515152
31122,6,0.01775568181818182,70.3805634469697
31165,6,0.01775568181818182,70.39831912878788
31177,6,0.01775568181818182,70.41607481060606
31265,6,0.01775568181818182,70.43383049242425
31277,1,0.002959280303030303,70.43678977272727
31307,6,0.01775568181818182,70.45454545454545
31373,6,0.01775568181818182,70.47230113636364
31388,12,0.03551136363636364,70.5078125
31432,6,0.01775568181818182,70.52556818181817
31588,6,0.01775568181818182,70.54332386363636
31611,6,0.01775568181818182,70.56107954545455
31658,6,0.01775568181818182,70.57883522727273
31665,6,0.01775568181818182,70.5965909090909
31693,6,0.01775568181818182,70.6143465909091
31731,6,0.01775568181818182,70.63210227272727
31782,6,0.01775568181818182,70.64985795454545
31811,6,0.01775568181818182,70.66761363636364
31865,6,0.01775568181818182,70.68536931818183
31916,6,0.01775568181818182,70.703125
31922,6,0.01775568181818182,70.72088068181817
31972,6,0.01775568181818182,70.73863636363636
31997,6,0.01775568181818182,70.75639204545455
32029,6,0.01775568181818182,70.77414772727273
32037,6,0.01775568181818182,70.7919034090909
32057,6,0.01775568181818182,70.8096590909091
32121,6,0.01775568181818182,70.82741477272727
32139,6,0.01775568181818182,70.84517045454545
32146,6,0.01775568181818182,70.86292613636364
32201,6,0.01775568181818182,70.88068181818183
32222,6,0.01775568181818182,70.8984375
32317,6,0.01775568181818182,70.91619318181817
32337,6,0.01775568181818182,70.93394886363636
32347,6,0.01775568181818182,70.95170454545455
32389,6,0.01775568181818182,70.96946022727273
32441,6,0.01775568181818182,70.9872159090909
32446,6,0.01775568181818182,71.0049715909091
32499,6,0.01775568181818182,71.02272727272727
32506,6,0.01775568181818182,71.04048295454545
32560,6,0.01775568181818182,71.05823863636364
32643,6,0.01775568181818182,71.07599431818183
32667,6,0.01775568181818182,71.09375
32717,6,0.01775568181818182,71.11150568181817
32744,6,0.01775568181818182,71.12926136363636
32830,6,0.01775568181818182,71.14701704545455
32870,6,0.01775568181818182,71.16477272727273
32889,6,0.01775568181818182,71.1825284090909
33077,6,0.01775568181818182,71.2002840909091
33120,6,0.01775568181818182,71.21803977272727
33143,6,0.01775568181818182,71.23579545454545
33178,6,0.01775568181818182,71.25355113636364
33184,6,0.01775568181818182,71.27130681818183
33274,6,0.01775568181818182,71.2890625
33327,6,0.01775568181818182,71.30681818181817
33349,6,0.01775568181818182,71.32457386363636
33402,6,0.01775568181818182,71.34232954545455
33450,6,0.01775568181818182,71.36008522727273
33462,6,0.01775568181818182,71.3778409090909
33543,6,0.01775568181818182,71.3955965909091
33556,6,0.01775568181818182,71.41335227272727
33592,6,0.01775568181818182,71.43110795454545
33598,6,0.01775568181818182,71.44886363636364
33602,1,0.002959280303030303,71.45182291666666
33604,6,0.01775568181818182,71.46957859848484
33621,6,0.01775568181818182,71.48733428030303
33625,6,0.01775568181818182,71.50508996212122
33654,6,0.01775568181818182,71.52284564393939
33715,6,0.01775568181818182,71.54060132575758
33768,6,0.01775568181818182,71.55835700757575
33796,6,0.01775568181818182,71.57611268939394
33806,6,0.01775568181818182,71.59386837121212
33813,6,0.01775568181818182,71.6116240530303
33822,6,0.01775568181818182,71.62937973484848
33868,6,0.01775568181818182,71.64713541666666
33898,6,0.01775568181818182,71.66489109848484
33975,6,0.01775568181818182,71.68264678030303
33997,6,0.01775568181818182,71.70040246212122
34047,6,0.01775568181818182,71.71815814393939
34058,6,0.01775568181818182,71.73591382575758
34139,6,0.01775568181818182,71.75366950757575
34182,6,0.01775568181818182,71.77142518939394
34196,6,0.01775568181818182,71.78918087121212
34252,6,0.01775568181818182,71.8069365530303
34286,6,0.01775568181818182,71.82469223484848
34297,6,0.01775568181818182,71.84244791666666
34374,6,0.01775568181818182,71.86020359848484
34448,6,0.01775568181818182,71.87795928030303
34551,6,0.01775568181818182,71.89571496212122
34602,6,0.01775568181818182,71.91347064393939
34628,6,0.01775568181818182,71.93122632575758
34679,6,0.01775568181818182,71.94898200757575
34691,6,0.01775568181818182,71.96673768939394
34693,1,0.002959280303030303,71.96969696969697
34733,6,0.01775568181818182,71.98745265151516
34804,6,0.01775568181818182,72.00520833333334
34816,6,0.01775568181818182,72.02296401515152
34925,6,0.01775568181818182,72.0407196969697
34934,6,0.01775568181818182,72.05847537878788
34935,6,0.01775568181818182,72.07623106060606
34947,6,0.01775568181818182,72.09398674242425
35148,6,0.01775568181818182,72.11174242424242
35149,6,0.01775568181818182,72.12949810606061
35214,6,0.01775568181818182,72.14725378787878
35218,6,0.01775568181818182,72.16500946969697
35240,6,0.01775568181818182,72.18276515151516
35247,6,0.01775568181818182,72.20052083333334
35299,6,0.01775568181818182,72.21827651515152
35302,6,0.01775568181818182,72.2360321969697
35336,6,0.01775568181818182,72.25378787878788
35367,6,0.01775568181818182,72.27154356060606
35425,6,0.01775568181818182,72.28929924242425
35480,6,0.01775568181818182,72.30705492424242
35611,1,0.002959280303030303,72.31001420454545
35660,6,0.01775568181818182,72.32776988636364
35696,6,0.01775568181818182,72.34552556818183
35727,6,0.01775568181818182,72.36328125
35835,6,0.01775568181818182,72.38103693181817
35855,6,0.01775568181818182,72.39879261363636
35901,6,0.01775568181818182,72.41654829545455
35966,6,0.01775568181818182,72.43430397727273
35975,6,0.01775568181818182,72.4520596590909
35985,6,0.01775568181818182,72.4698153409091
36009,6,0.01775568181818182,72.48757102272727
36126,12,0.03551136363636364,72.52308238636364
36216,6,0.01775568181818182,72.54083806818183
36237,6,0.01775568181818182,72.55859375
36295,6,0.01775568181818182,72.57634943181817
36360,6,0.01775568181818182,72.59410511363636
36394,6,0.01775568181818182,72.61186079545455
36436,6,0.01775568181818182,72.62961647727273
36439,6,0.01775568181818182,72.6473721590909
36581,6,0.01775568181818182,72.6651278409091
36631,6,0.01775568181818182,72.68288352272727
36636,6,0.01775568181818182,72.70063920454545
36646,6,0.01775568181818182,72.71839488636364
36695,6,0.01775568181818182,72.73615056818183
36697,6,0.01775568181818182,72.75390625
36716,6,0.01775568181818182,72.77166193181817
36733,1,0.002959280303030303,72.77462121212122
36867,6,0.01775568181818182,72.79237689393939
36924,1,0.002959280303030303,72.79533617424242
36948,6,0.01775568181818182,72.81309185606061
36964,6,0.01775568181818182,72.83084753787878
36986,6,0.01775568181818182,72.84860321969697
37000,6,0.01775568181818182,72.86635890151516
37022,6,0.01775568181818182,72.88411458333334
37155,6,0.01775568181818182,72.90187026515152
37178,6,0.01775568181818182,72.9196259469697
37251,6,0.01775568181818182,72.93738162878788
37318,6,0.01775568181818182,72.95513731060606
37325,6,0.01775568181818182,72.97289299242425
37410,6,0.01775568181818182,72.99064867424242
37448,6,0.01775568181818182,73.00840435606061
37478,12,0.03551136363636364,73.04391571969697
37784,6,0.01775568181818182,73.06167140151516
37792,6,0.01775568181818182,73.07942708333334
37837,6,0.01775568181818182,73.09718276515152
37911,6,0.01775568181818182,73.1149384469697
37940,6,0.01775568181818182,73.13269412878788
37987,6,0.01775568181818182,73.15044981060606
38020,1,0.002959280303030303,73.1534090909091
38031,6,0.01775568181818182,73.17116477272727
38063,6,0.01775568181818182,73.18892045454545
38112,6,0.01775568181818182,73.20667613636364
38144,6,0.01775568181818182,73.22443181818183
38162,6,0.01775568181818182,73.2421875
38168,6,0.01775568181818182,73.25994318181817
38262,6,0.01775568181818182,73.27769886363636
38316,6,0.01775568181818182,73.29545454545455
38366,6,0.01775568181818182,73.31321022727273
38426,6,0.01775568181818182,73.3309659090909
38436,6,0.01775568181818182,73.3487215909091
38476,6,0.01775568181818182,73.36647727272727
38561,6,0.01775568181818182,73.38423295454545
38562,6,0.01775568181818182,73.40198863636364
38564,6,0.01775568181818182,73.41974431818183
38636,6,0.01775568181818182,73.4375
38755,6,0.01775568181818182,73.45525568181817
38809,6,0.01775568181818182,73.47301136363636
38842,6,0.01775568181818182,73.49076704545455
38849,6,0.01775568181818182,73.50852272727273
38854,6,0.01775568181818182,73.5262784090909
38923,6,0.01775568181818182,73.5440340909091
38951,6,0.01775568181818182,73.56178977272727
39006,6,0.01775568181818182,73.57954545454545
39007,6,0.01775568181818182,73.59730113636364
39052,6,0.01775568181818182,73.61505681818183
39083,6,0.01775568181818182,73.6328125
39135,6,0.01775568181818182,73.65056818181817
39136,6,0.01775568181818182,73.66832386363636
39205,6,0.01775568181818182,73.68607954545455
39223,6,0.01775568181818182,73.70383522727273
39251,6,0.01775568181818182,73.7215909090909
39275,6,0.01775568181818182,73.7393465909091
39296,6,0.01775568181818182,73.75710227272727
39339,6,0.01775568181818182,73.77485795454545
39429,6,0.01775568181818182,73.79261363636364
39455,6,0.01775568181818182,73.81036931818183
39507,6,0.01775568181818182,73.828125
39511,1,0.002959280303030303,73.83108428030303
39712,6,0.01775568181818182,73.84883996212122
39714,6,0.01775568181818182,73.86659564393939
39781,6,0.01775568181818182,73.88435132575758
39799,6,0.01775568181818182,73.90210700757575
39811,6,0.01775568181818182,73.91986268939394
39850,6,0.01775568181818182,73.93761837121212
39851,6,0.01775568181818182,73.9553740530303
39958,1,0.002959280303030303,73.95833333333334
39961,6,0.01775568181818182,73.97608901515152
39980,6,0.01775568181818182,73.9938446969697
39992,6,0.01775568181818182,74.01160037878788
40032,6,0.01775568181818182,74.02935606060606
40048,12,0.03551136363636364,74.06486742424242
40095,6,0.01775568181818182,74.08262310606061
40142,6,0.01775568181818182,74.10037878787878
40161,6,0.01775568181818182,74.11813446969697
40208,6,0.01775568181818182,74.13589015151516
40236,6,0.01775568181818182,74.15364583333334
40249,6,0.01775568181818182,74.17140151515152
40321,6,0.01775568181818182,74.1891571969697
40323,6,0.01775568181818182,74.20691287878788
40324,6,0.01775568181818182,74.22466856060606
40388,6,0.01775568181818182,74.24242424242425
40474,6,0.01775568181818182,74.26017992424242
40571,6,0.01775568181818182,74.27793560606061
40649,6,0.01775568181818182,74.29569128787878
40679,6,0.01775568181818182,74.31344696969697
40705,6,0.01775568181818182,74.33120265151516
40855,6,0.01775568181818182,74.34895833333334
40934,6,0.01775568181818182,74.36671401515152
40985,6,0.01775568181818182,74.3844696969697
41064,6,0.01775568181818182,74.40222537878788
41209,6,0.01775568181818182,74.41998106060606
41337,6,0.01775568181818182,74.43773674242425
41353,6,0.01775568181818182,74.45549242424242
41362,6,0.01775568181818182,74.47324810606061
41427,6,0.01775568181818182,74.49100378787878
41474,6,0.01775568181818182,74.50875946969697
41487,6,0.01775568181818182,74.52651515151516
41493,6,0.01775568181818182,74.54427083333334
41554,1,0.002959280303030303,74.54723011363636
41695,6,0.01775568181818182,74.56498579545455
41788,6,0.01775568181818182,74.58274147727273
41795,6,0.01775568181818182,74.6004971590909
41823,6,0.01775568181818182,74.6182528409091
41925,6,0.01775568181818182,74.63600852272727
41938,6,0.01775568181818182,74.65376420454545
41980,6,0.01775568181818182,74.67151988636364
41990,6,0.01775568181818182,74.68927556818183
42032,6,0.01775568181818182,74.70703125
42033,6,0.01775568181818182,74.72478693181817
42047,6,0.01775568181818182,74.74254261363636
42077,6,0.01775568181818182,74.76029829545455
42152,6,0.01775568181818182,74.77805397727273
42159,6,0.01775568181818182,74.7958096590909
42167,6,0.01775568181818182,74.8135653409091
42184,6,0.01775568181818182,74.83132102272727
42220,6,0.01775568181818182,74.84907670454545
42221,6,0.01775568181818182,74.86683238636364
42256,6,0.01775568181818182,74.88458806818183
42357,6,0.01775568181818182,74.90234375
42525,6,0.01775568181818182,74.92009943181817
42554,6,0.01775568181818182,74.93785511363636
42558,6,0.01775568181818182,74.95561079545455
42563,6,0.01775568181818182,74.97336647727273
42615,6,0.01775568181818182,74.9911221590909
42713,6,0.01775568181818182,75.0088778409091
42723,6,0.01775568181818182,75.02663352272727
42753,6,0.01775568181818182,75.04438920454545
42783,6,0.01775568181818182,75.06214488636364
42846,6,0.01775568181818182,75.07990056818183
42850,6,0.01775568181818182,75.09765625
42991,6,0.01775568181818182,75.11541193181817
43080,6,0.01775568181818182,75.13316761363636
43084,6,0.01775568181818182,75.15092329545455
43218,6,0.01775568181818182,75.16867897727273
43219,6,0.01775568181818182,75.1864346590909
43237,6,0.01775568181818182,75.2041903409091
43271,6,0.01775568181818182,75.22194602272727
43330,6,0.01775568181818182,75.23970170454545
43379,6,0.01775568181818182,75.25745738636364
43426,6,0.01775568181818182,75.27521306818183
43492,6,0.01775568181818182,75.29296875
43540,6,0.01775568181818182,75.31072443181817
43747,6,0.01775568181818182,75.32848011363636
43761,6,0.01775568181818182,75.34623579545455
43767,6,0.01775568181818182,75.36399147727273
43813,6,0.01775568181818182,75.3817471590909
43829,6,0.01775568181818182,75.3995028409091
43887,6,0.01775568181818182,75.41725852272727
43906,6,0.01775568181818182,75.43501420454545
44141,6,0.01775568181818182,75.45276988636364
44159,6,0.01775568181818182,75.47052556818183
44314,6,0.01775568181818182,75.48828125
44321,6,0.01775568181818182,75.50603693181817
44442,6,0.01775568181818182,75.52379261363636
44517,6,0.01775568181818182,75.54154829545455
44554,6,0.01775568181818182,75.55930397727273
44571,6,0.01775568181818182,75.5770596590909
44712,6,0.01775568181818182,75.5948153409091
44824,6,0.01775568181818182,75.61257102272727
44883,6,0.01775568181818182,75.63032670454545
44917,6,0.01775568181818182,75.64808238636364
44955,6,0.01775568181818182,75.66583806818183
45025,6,0.01775568181818182,75.68359375
45082,6,0.01775568181818182,75.70134943181817
45133,6,0.01775568181818182,75.71910511363636
45136,6,0.01775568181818182,75.73686079545455
45250,6,0.01775568181818182,75.75461647727273
45390,6,0.01775568181818182,75.7723721590909
45392,6,0.01775568181818182,75.7901278409091
45539,1,0.002959280303030303,75.79308712121212
45540,6,0.01775568181818182,75.8108428030303
45542,6,0.01775568181818182,75.82859848484848
45547,6,0.01775568181818182,75.84635416666666
45600,6,0.01775568181818182,75.86410984848484
45609,6,0.01775568181818182,75.88186553030303
45617,6,0.01775568181818182,75.89962121212122
45643,6,0.01775568181818182,75.91737689393939
45669,6,0.01775568181818182,75.93513257575758
45717,6,0.01775568181818182,75.95288825757575
45728,6,0.01775568181818182,75.97064393939394
45884,6,0.01775568181818182,75.98839962121212
45999,6,0.01775568181818182,76.0061553030303
46037,6,0.01775568181818182,76.02391098484848
46049,6,0.01775568181818182,76.04166666666666
46110,6,0.01775568181818182,76.05942234848484
46199,6,0.01775568181818182,76.07717803030303
46284,6,0.01775568181818182,76.09493371212122
46389,6,0.01775568181818182,76.11268939393939
46412,6,0.01775568181818182,76.13044507575758
46413,6,0.01775568181818182,76.14820075757575
46464,6,0.01775568181818182,76.16595643939394
46521,6,0.01775568181818182,76.18371212121212
46539,6,0.01775568181818182,76.2014678030303
46557,6,0.01775568181818182,76.21922348484848
46606,6,0.01775568181818182,76.23697916666666
46875,6,0.01775568181818182,76.25473484848484
46908,6,0.01775568181818182,76.27249053030303
46926,6,0.01775568181818182,76.29024621212122
46969,6,0.01775568181818182,76.30800189393939
47006,6,0.01775568181818182,76.32575757575758
47026,6,0.01775568181818182,76.34351325757575
47083,6,0.01775568181818182,76.36126893939394
47167,6,0.01775568181818182,76.37902462121212
47178,6,0.01775568181818182,76.3967803030303
47286,6,0.01775568181818182,76.41453598484848
47315,6,0.01775568181818182,76.43229166666666
47457,6,0.01775568181818182,76.45004734848484
47542,6,0.01775568181818182,76.46780303030303
47627,6,0.01775568181818182,76.48555871212122
47672,6,0.01775568181818182,76.50331439393939
47715,6,0.01775568181818182,76.52107007575758
47747,6,0.01775568181818182,76.53882575757575
47799,6,0.01775568181818182,76.55658143939394
47839,6,0.01775568181818182,76.57433712121212
47848,6,0.01775568181818182,76.5920928030303
47867,6,0.01775568181818182,76.60984848484848
47871,6,0.01775568181818182,76.62760416666666
47946,6,0.01775568181818182,76.64535984848484
48014,6,0.01775568181818182,76.66311553030303
48026,6,0.01775568181818182,76.68087121212122
48029,6,0.01775568181818182,76.69862689393939
48037,6,0.01775568181818182,76.71638257575758
48062,6,0.01775568181818182,76.73413825757575
48107,6,0.01775568181818182,76.75189393939394
48124,6,0.01775568181818182,76.76964962121212
48133,6,0.01775568181818182,76.7874053030303
48148,6,0.01775568181818182,76.80516098484848
48163,6,0.01775568181818182,76.82291666666666
48229,6,0.01775568181818182,76.84067234848484
48265,6,0.01775568181818182,76.85842803030303
48350,6,0.01775568181818182,76.87618371212122
48370,1,0.002959280303030303,76.87914299242425
48407,6,0.01775568181818182,76.89689867424242
48445,6,0.01775568181818182,76.91465435606061
48505,1,0.002959280303030303,76.91761363636364
48555,6,0.01775568181818182,76.93536931818183
48581,6,0.01775568181818182,76.953125
48618,6,0.01775568181818182,76.97088068181817
48712,6,0.01775568181818182,76.98863636363636
48766,6,0.01775568181818182,77.00639204545455
48854,6,0.01775568181818182,77.02414772727273
48856,6,0.01775568181818182,77.0419034090909
48857,6,0.01775568181818182,77.0596590909091
48905,6,0.01775568181818182,77.07741477272727
48994,6,0.01775568181818182,77.09517045454545
49090,6,0.01775568181818182,77.11292613636364
49125,6,0.01775568181818182,77.13068181818183
49277,6,0.01775568181818182,77.1484375
49278,6,0.01775568181818182,77.16619318181817
49355,6,0.01775568181818182,77.18394886363636
49384,6,0.01775568181818182,77.20170454545455
49395,1,0.002959280303030303,77.20466382575758
49430,6,0.01775568181818182,77.22241950757575
49534,1,0.002959280303030303,77.22537878787878
49552,6,0.01775568181818182,77.24313446969697
49628,6,0.01775568181818182,77.26089015151516
49703,6,0.01775568181818182,77.27864583333334
49764,6,0.01775568181818182,77.29640151515152
49816,6,0.01775568181818182,77.3141571969697
49837,6,0.01775568181818182,77.33191287878788
49858,6,0.01775568181818182,77.34966856060606
49916,6,0.01775568181818182,77.36742424242425
49964,6,0.01775568181818182,77.38517992424242
49969,6,0.01775568181818182,77.40293560606061
50278,6,0.01775568181818182,77.42069128787878
50284,6,0.01775568181818182,77.43844696969697
50296,6,0.01775568181818182,77.45620265151516
50300,6,0.01775568181818182,77.47395833333334
50308,6,0.01775568181818182,77.49171401515152
50317,6,0.01775568181818182,77.5094696969697
50340,6,0.01775568181818182,77.52722537878788
50355,6,0.01775568181818182,77.54498106060606
50398,6,0.01775568181818182,77.56273674242425
50402,6,0.01775568181818182,77.58049242424242
50462,6,0.01775568181818182,77.59824810606061
50476,6,0.01775568181818182,77.61600378787878
50565,6,0.01775568181818182,77.63375946969697
50566,6,0.01775568181818182,77.65151515151516
50583,6,0.01775568181818182,77.66927083333334
50761,6,0.01775568181818182,77.68702651515152
50781,6,0.01775568181818182,77.7047821969697
50806,6,0.01775568181818182,77.72253787878788
50824,6,0.01775568181818182,77.74029356060606
50825,6,0.01775568181818182,77.75804924242425
50845,6,0.01775568181818182,77.77580492424242
50928,6,0.01775568181818182,77.79356060606061
50980,1,0.002959280303030303,77.79651988636364
51014,6,0.01775568181818182,77.81427556818183
51023,6,0.01775568181818182,77.83203125
51027,6,0.01775568181818182,77.84978693181817
51028,6,0.01775568181818182,77.86754261363636
51046,6,0.01775568181818182,77.88529829545455
51126,6,0.01775568181818182,77.90305397727273
51302,6,0.01775568181818182,77.9208096590909
51391,6,0.01775568181818182,77.9385653409091
51392,6,0.01775568181818182,77.95632102272727
51405,6,0.01775568181818182,77.97407670454545
51436,6,0.01775568181818182,77.99183238636364
51461,6,0.01775568181818182,78.00958806818183
51483,6,0.01775568181818182,78.02734375
51525,6,0.01775568181818182,78.04509943181817
51528,6,0.01775568181818182,78.06285511363636
51581,6,0.01775568181818182,78.08061079545455
51606,6,0.01775568181818182,78.09836647727273
51803,6,0.01775568181818182,78.1161221590909
51858,6,0.01775568181818182,78.1338778409091
51901,6,0.01775568181818182,78.15163352272727
52044,6,0.01775568181818182,78.16938920454545
52118,6,0.01775568181818182,78.18714488636364
52174,6,0.01775568181818182,78.20490056818183
52323,6,0.01775568181818182,78.22265625
52329,6,0.01775568181818182,78.24041193181817
52443,6,0.01775568181818182,78.25816761363636
52448,6,0.01775568181818182,78.27592329545455
52611,6,0.01775568181818182,78.29367897727273
52666,6,0.01775568181818182,78.3114346590909
52811,6,0.01775568181818182,78.3291903409091
52839,6,0.01775568181818182,78.34694602272727
52844,6,0.01775568181818182,78.36470170454545
52865,6,0.01775568181818182,78.38245738636364
52933,1,0.002959280303030303,78.38541666666666
52983,6,0.01775568181818182,78.40317234848484
53164,6,0.01775568181818182,78.42092803030303
53189,6,0.01775568181818182,78.43868371212122
53238,6,0.01775568181818182,78.45643939393939
53340,6,0.01775568181818182,78.47419507575758
53392,6,0.01775568181818182,78.49195075757575
53396,6,0.01775568181818182,78.50970643939394
53537,6,0.01775568181818182,78.52746212121212
53539,6,0.01775568181818182,78.5452178030303
53584,6,0.01775568181818182,78.56297348484848
53610,6,0.01775568181818182,78.58072916666666
53688,6,0.01775568181818182,78.59848484848484
53699,6,0.01775568181818182,78.61624053030303
53751,6,0.01775568181818182,78.63399621212122
53798,6,0.01775568181818182,78.65175189393939
53816,6,0.01775568181818182,78.66950757575758
53847,6,0.01775568181818182,78.68726325757575
53967,6,0.01775568181818182,78.70501893939394
54001,6,0.01775568181818182,78.72277462121212
54027,6,0.01775568181818182,78.7405303030303
54135,6,0.01775568181818182,78.75828598484848
54165,6,0.01775568181818182,78.77604166666666
54186,6,0.01775568181818182,78.79379734848484
54207,6,0.01775568181818182,78.81155303030303
54226,6,0.01775568181818182,78.82930871212122
54262,6,0.01775568181818182,78.84706439393939
54342,1,0.002959280303030303,78.85002367424242
54360,6,0.01775568181818182,78.86777935606061
54383,6,0.01775568181818182,78.88553503787878
54384,6,0.01775568181818182,78.90329071969697
54414,6,0.01775568181818182,78.92104640151516
54464,6,0.01775568181818182,78.93880208333334
54490,6,0.01775568181818182,78.95655776515152
54541,6,0.01775568181818182,78.9743134469697
54558,6,0.01775568181818182,78.99206912878788
54709,1,0.002959280303030303,78.9950284090909
54772,1,0.002959280303030303,78.99798768939394
54782,6,0.01775568181818182,79.01574337121212
54785,6,0.01775568181818182,79.0334990530303
54808,6,0.01775568181818182,79.05125473484848
54914,6,0.01775568181818182,79.06901041666666
54931,6,0.01775568181818182,79.08676609848484
54950,6,0.01775568181818182,79.10452178030303
55009,6,0.01775568181818182,79.12227746212122
55011,6,0.01775568181818182,79.14003314393939
55044,6,0.01775568181818182,79.15778882575758
55262,6,0.01775568181818182,79.17554450757575
55394,6,0.01775568181818182,79.19330018939394
55700,6,0.01775568181818182,79.21105587121212
55820,6,0.01775568181818182,79.2288115530303
55890,6,0.01775568181818182,79.24656723484848
55909,6,0.01775568181818182,79.26432291666666
55913,6,0.01775568181818182,79.28207859848484
55940,6,0.01775568181818182,79.29983428030303
55946,6,0.01775568181818182,79.31758996212122
55956,6,0.01775568181818182,79.33534564393939
56088,6,0.01775568181818182,79.35310132575758
56124,6,0.01775568181818182,79.37085700757575
56135,6,0.01775568181818182,79.38861268939394
56238,6,0.01775568181818182,79.40636837121212
56266,6,0.01775568181818182,79.4241240530303
56283,6,0.01775568181818182,79.44187973484848
56438,1,0.002959280303030303,79.44483901515152
56543,6,0.01775568181818182,79.4625946969697
56593,6,0.01775568181818182,79.48035037878788
56738,6,0.01775568181818182,79.49810606060606
56741,6,0.01775568181818182,79.51586174242425
56925,6,0.01775568181818182,79.53361742424242
56983,6,0.01775568181818182,79.55137310606061
56986,6,0.01775568181818182,79.56912878787878
57040,6,0.01775568181818182,79.58688446969697
57267,6,0.01775568181818182,79.60464015151516
57295,6,0.01775568181818182,79.62239583333334
57310,6,0.01775568181818182,79.64015151515152
57380,6,0.01775568181818182,79.6579071969697
57484,1,0.002959280303030303,79.66086647727273
57485,6,0.01775568181818182,79.6786221590909
57565,6,0.01775568181818182,79.6963778409091
57600,6,0.01775568181818182,79.71413352272727
57726,6,0.01775568181818182,79.73188920454545
57750,6,0.01775568181818182,79.74964488636364
57765,6,0.01775568181818182,79.76740056818183
57767,6,0.01775568181818182,79.78515625
57813,6,0.01775568181818182,79.80291193181817
57873,6,0.01775568181818182,79.82066761363636
58001,6,0.01775568181818182,79.83842329545455
58099,6,0.01775568181818182,79.85617897727273
58108,6,0.01775568181818182,79.8739346590909
58117,6,0.01775568181818182,79.8916903409091
58157,6,0.01775568181818182,79.90944602272727
58185,6,0.01775568181818182,79.92720170454545
58192,6,0.01775568181818182,79.94495738636364
58196,6,0.01775568181818182,79.96271306818183
58216,6,0.01775568181818182,79.98046875
58217,6,0.01775568181818182,79.99822443181817
58241,6,0.01775568181818182,80.01598011363636
58294,6,0.01775568181818182,80.03373579545455
58309,6,0.01775568181818182,80.05149147727273
58315,1,0.002959280303030303,80.05445075757575
58347,6,0.01775568181818182,80.07220643939394
58365,6,0.01775568181818182,80.08996212121212
58415,1,0.002959280303030303,80.09292140151516
58451,6,0.01775568181818182,80.11067708333334
58480,1,0.002959280303030303,80.11363636363636
58641,6,0.01775568181818182,80.13139204545455
58679,6,0.01775568181818182,80.14914772727273
58743,6,0.01775568181818182,80.1669034090909
58881,1,0.002959280303030303,80.16986268939394
58951,1,0.002959280303030303,80.17282196969697
58964,6,0.01775568181818182,80.19057765151516
58971,6,0.01775568181818182,80.20833333333334
59112,6,0.01775568181818182,80.22608901515152
59153,1,0.002959280303030303,80.22904829545455
59186,6,0.01775568181818182,80.24680397727273
59246,6,0.01775568181818182,80.2645596590909
59337,6,0.01775568181818182,80.2823153409091
59376,6,0.01775568181818182,80.30007102272727
59817,6,0.01775568181818182,80.31782670454545
59824,6,0.01775568181818182,80.33558238636364
59835,1,0.002959280303030303,80.33854166666666
59982,6,0.01775568181818182,80.35629734848484
60036,6,0.01775568181818182,80.37405303030303
60151,6,0.01775568181818182,80.39180871212122
60213,6,0.01775568181818182,80.40956439393939
60281,6,0.01775568181818182,80.42732007575758
60322,6,0.01775568181818182,80.44507575757575
60380,6,0.01775568181818182,80.46283143939394
60394,6,0.01775568181818182,80.48058712121212
60473,6,0.01775568181818182,80.4983428030303
60543,6,0.01775568181818182,80.51609848484848
60565,6,0.01775568181818182,80.53385416666666
60570,6,0.01775568181818182,80.55160984848484
60596,6,0.01775568181818182,80.56936553030303
60719,6,0.01775568181818182,80.58712121212122
60766,6,0.01775568181818182,80.60487689393939
60781,6,0.01775568181818182,80.62263257575758
60796,6,0.01775568181818182,80.64038825757575
60820,6,0.01775568181818182,80.65814393939394
60889,6,0.01775568181818182,80.67589962121212
60974,6,0.01775568181818182,80.6936553030303
61115,6,0.01775568181818182,80.71141098484848
61155,6,0.01775568181818182,80.72916666666666
61200,6,0.01775568181818182,80.74692234848484
61229,6,0.01775568181818182,80.76467803030303
61339,6,0.01775568181818182,80.78243371212122
61386,6,0.01775568181818182,80.80018939393939
61403,6,0.01775568181818182,80.81794507575758
61424,6,0.01775568181818182,80.83570075757575
61558,6,0.01775568181818182,80.85345643939394
61738,1,0.002959280303030303,80.85641571969697
62025,6,0.01775568181818182,80.87417140151516
62080,6,0.01775568181818182,80.89192708333334
62113,6,0.01775568181818182,80.90968276515152
62217,6,0.01775568181818182,80.9274384469697
62250,6,0.01775568181818182,80.94519412878788
62252,6,0.01775568181818182,80.96294981060606
62316,6,0.01775568181818182,80.98070549242425
62344,6,0.01775568181818182,80.99846117424242
62345,6,0.01775568181818182,81.01621685606061
62359,6,0.01775568181818182,81.03397253787878
62627,6,0.01775568181818182,81.05172821969697
62726,6,0.01775568181818182,81.06948390151516
62729,6,0.01775568181818182,81.08723958333334
62734,6,0.01775568181818182,81.10499526515152
62807,6,0.01775568181818182,81.1227509469697
62814,6,0.01775568181818182,81.14050662878788
63124,6,0.01775568181818182,81.15826231060606
63280,6,0.01775568181818182,81.17601799242425
63507,6,0.01775568181818182,81.19377367424242
63596,6,0.01775568181818182,81.21152935606061
63641,6,0.01775568181818182,81.22928503787878
63812,6,0.01775568181818182,81.24704071969697
63887,6,0.01775568181818182,81.26479640151516
63913,6,0.01775568181818182,81.28255208333334
63974,6,0.01775568181818182,81.30030776515152
63977,6,0.01775568181818182,81.3180634469697
64032,6,0.01775568181818182,81.33581912878788
64086,6,0.01775568181818182,81.35357481060606
64299,6,0.01775568181818182,81.37133049242425
64350,6,0.01775568181818182,81.38908617424242
64418,6,0.01775568181818182,81.40684185606061
64462,6,0.01775568181818182,81.42459753787878
64567,6,0.01775568181818182,81.44235321969697
64576,6,0.01775568181818182,81.46010890151516
64639,1,0.002959280303030303,81.46306818181817
64678,1,0.002959280303030303,81.46602746212122
64691,1,0.002959280303030303,81.46898674242425
64764,1,0.002959280303030303,81.47194602272727
64896,6,0.01775568181818182,81.48970170454545
64956,6,0.01775568181818182,81.50745738636364
64986,6,0.01775568181818182,81.52521306818183
64997,1,0.002959280303030303,81.52817234848484
65089,6,0.01775568181818182,81.54592803030303
65243,6,0.01775568181818182,81.56368371212122
65339,6,0.01775568181818182,81.58143939393939
65502,6,0.01775568181818182,81.59919507575758
65645,6,0.01775568181818182,81.61695075757575
65752,6,0.01775568181818182,81.63470643939394
65847,6,0.01775568181818182,81.65246212121212
65973,6,0.01775568181818182,81.6702178030303
66092,6,0.01775568181818182,81.68797348484848
66204,6,0.01775568181818182,81.70572916666666
66286,6,0.01775568181818182,81.72348484848484
66400,6,0.01775568181818182,81.74124053030303
66537,6,0.01775568181818182,81.75899621212122
66617,6,0.01775568181818182,81.77675189393939
66820,6,0.01775568181818182,81.79450757575758
66840,6,0.01775568181818182,81.81226325757575
66902,6,0.01775568181818182,81.83001893939394
66923,6,0.01775568181818182,81.84777462121212
67048,6,0.01775568181818182,81.8655303030303
67076,6,0.01775568181818182,81.88328598484848
67094,6,0.01775568181818182,81.90104166666666
67152,6,0.01775568181818182,81.91879734848484
67180,6,0.01775568181818182,81.93655303030303
67292,6,0.01775568181818182,81.95430871212122
67299,6,0.01775568181818182,81.97206439393939
67324,6,0.01775568181818182,81.98982007575758
67360,6,0.01775568181818182,82.00757575757575
67385,6,0.01775568181818182,82.02533143939394
67528,6,0.01775568181818182,82.04308712121212
67537,6,0.01775568181818182,82.0608428030303
67671,6,0.01775568181818182,82.07859848484848
67701,6,0.01775568181818182,82.09635416666666
67756,6,0.01775568181818182,82.11410984848484
67768,6,0.01775568181818182,82.13186553030303
67933,6,0.01775568181818182,82.14962121212122
67963,6,0.01775568181818182,82.16737689393939
68023,6,0.01775568181818182,82.18513257575758
68152,6,0.01775568181818182,82.20288825757575
68160,6,0.01775568181818182,82.22064393939394
68244,6,0.01775568181818182,82.23839962121212
68259,6,0.01775568181818182,82.2561553030303
68465,6,0.01775568181818182,82.27391098484848
68539,6,0.01775568181818182,82.29166666666666
68589,6,0.01775568181818182,82.30942234848484
68606,6,0.01775568181818182,82.32717803030303
68663,6,0.01775568181818182,82.34493371212122
68716,6,0.01775568181818182,82.36268939393939
68866,6,0.01775568181818182,82.38044507575758
68907,6,0.01775568181818182,82.39820075757575
69050,6,0.01775568181818182,82.41595643939394
69338,6,0.01775568181818182,82.43371212121212
69397,6,0.01775568181818182,82.4514678030303
69602,6,0.01775568181818182,82.46922348484848
69687,6,0.01775568181818182,82.48697916666666
69966,6,0.01775568181818182,82.50473484848484
70009,6,0.01775568181818182,82.52249053030303
70034,6,0.01775568181818182,82.54024621212122
70174,6,0.01775568181818182,82.55800189393939
70189,6,0.01775568181818182,82.57575757575758
70252,6,0.01775568181818182,82.59351325757575
70361,6,0.01775568181818182,82.61126893939394
70383,6,0.01775568181818182,82.62902462121212
70459,6,0.01775568181818182,82.6467803030303
70593,6,0.01775568181818182,82.66453598484848
70693,6,0.01775568181818182,82.68229166666666
70946,6,0.01775568181818182,82.70004734848484
71036,6,0.01775568181818182,82.71780303030303
71105,6,0.01775568181818182,82.73555871212122
71123,6,0.01775568181818182,82.75331439393939
71223,6,0.01775568181818182,82.77107007575758
71313,6,0.01775568181818182,82.78882575757575
71329,6,0.01775568181818182,82.80658143939394
71380,6,0.01775568181818182,82.82433712121212
71445,6,0.01775568181818182,82.8420928030303
71498,1,0.002959280303030303,82.84505208333334
71579,6,0.01775568181818182,82.86280776515152
71598,6,0.01775568181818182,82.8805634469697
71612,6,0.01775568181818182,82.89831912878788
71668,6,0.01775568181818182,82.91607481060606
71709,6,0.01775568181818182,82.93383049242425
71812,1,0.002959280303030303,82.93678977272727
71831,6,0.01775568181818182,82.95454545454545
71900,6,0.01775568181818182,82.97230113636364
71962,6,0.01775568181818182,82.99005681818183
72024,6,0.01775568181818182,83.0078125
72028,6,0.01775568181818182,83.02556818181817
72129,6,0.01775568181818182,83.04332386363636
72166,6,0.01775568181818182,83.06107954545455
72499,6,0.01775568181818182,83.07883522727273
72520,6,0.01775568181818182,83.0965909090909
72528,6,0.01775568181818182,83.1143465909091
72559,6,0.01775568181818182,83.13210227272727
72670,6,0.01775568181818182,83.14985795454545
72753,6,0.01775568181818182,83.16761363636364
72820,6,0.01775568181818182,83.18536931818183
72885,6,0.01775568181818182,83.203125
73001,6,0.01775568181818182,83.22088068181817
73048,6,0.01775568181818182,83.23863636363636
73234,6,0.01775568181818182,83.25639204545455
73494,6,0.01775568181818182,83.27414772727273
73499,6,0.01775568181818182,83.2919034090909
73518,12,0.03551136363636364,83.32741477272727
73524,6,0.01775568181818182,83.34517045454545
73657,6,0.01775568181818182,83.36292613636364
73871,6,0.01775568181818182,83.38068181818183
73984,6,0.01775568181818182,83.3984375
74142,6,0.01775568181818182,83.41619318181817
74190,6,0.01775568181818182,83.43394886363636
74289,6,0.01775568181818182,83.45170454545455
74324,6,0.01775568181818182,83.46946022727273
74390,6,0.01775568181818182,83.4872159090909
74533,6,0.01775568181818182,83.5049715909091
74662,6,0.01775568181818182,83.52272727272727
74674,6,0.01775568181818182,83.54048295454545
74765,6,0.01775568181818182,83.55823863636364
74891,6,0.01775568181818182,83.57599431818183
74957,6,0.01775568181818182,83.59375
74964,6,0.01775568181818182,83.61150568181817
75226,6,0.01775568181818182,83.62926136363636
75371,6,0.01775568181818182,83.64701704545455
75372,6,0.01775568181818182,83.66477272727273
75495,6,0.01775568181818182,83.6825284090909
75554,6,0.01775568181818182,83.7002840909091
75651,6,0.01775568181818182,83.71803977272727
75745,6,0.01775568181818182,83.73579545454545
75898,6,0.01775568181818182,83.75355113636364
75975,6,0.01775568181818182,83.77130681818183
76093,6,0.01775568181818182,83.7890625
76206,6,0.01775568181818182,83.80681818181817
76233,6,0.01775568181818182,83.82457386363636
76244,6,0.01775568181818182,83.84232954545455
76250,6,0.01775568181818182,83.86008522727273
76270,6,0.01775568181818182,83.8778409090909
76274,6,0.01775568181818182,83.8955965909091
76305,6,0.01775568181818182,83.91335227272727
76389,6,0.01775568181818182,83.93110795454545
76454,6,0.01775568181818182,83.94886363636364
76474,6,0.01775568181818182,83.96661931818183
76671,6,0.01775568181818182,83.984375
76731,6,0.01775568181818182,84.00213068181817
76747,6,0.01775568181818182,84.01988636363636
76771,6,0.01775568181818182,84.03764204545455
76792,6,0.01775568181818182,84.05539772727273
76912,6,0.01775568181818182,84.0731534090909
77028,6,0.01775568181818182,84.0909090909091
77262,6,0.01775568181818182,84.10866477272727
77291,6,0.01775568181818182,84.12642045454545
77477,6,0.01775568181818182,84.14417613636364
77478,6,0.01775568181818182,84.16193181818183
77566,6,0.01775568181818182,84.1796875
77678,6,0.01775568181818182,84.19744318181817
77696,6,0.01775568181818182,84.21519886363636
77713,6,0.01775568181818182,84.23295454545455
77726,6,0.01775568181818182,84.25071022727273
77893,1,0.002959280303030303,84.25366950757575
77904,6,0.01775568181818182,84.27142518939394
77973,6,0.01775568181818182,84.28918087121212
77999,6,0.01775568181818182,84.3069365530303
78069,6,0.01775568181818182,84.32469223484848
78194,6,0.01775568181818182,84.34244791666666
78291,6,0.01775568181818182,84.36020359848484
78298,6,0.01775568181818182,84.37795928030303
78608,6,0.01775568181818182,84.39571496212122
78852,6,0.01775568181818182,84.41347064393939
78921,6,0.01775568181818182,84.43122632575758
79024,6,0.01775568181818182,84.44898200757575
79057,6,0.01775568181818182,84.46673768939394
79086,6,0.01775568181818182,84.48449337121212
79176,6,0.01775568181818182,84.5022490530303
79234,6,0.01775568181818182,84.52000473484848
79311,6,0.01775568181818182,84.53776041666666
79320,6,0.01775568181818182,84.55551609848484
79682,6,0.01775568181818182,84.57327178030303
79748,6,0.01775568181818182,84.59102746212122
79861,6,0.01775568181818182,84.60878314393939
79895,6,0.01775568181818182,84.62653882575758
79918,6,0.01775568181818182,84.64429450757575
79934,6,0.01775568181818182,84.66205018939394
79958,6,0.01775568181818182,84.67980587121212
79971,6,0.01775568181818182,84.6975615530303
79983,6,0.01775568181818182,84.71531723484848
80075,6,0.01775568181818182,84.73307291666666
80084,6,0.01775568181818182,84.75082859848484
80103,6,0.01775568181818182,84.76858428030303
80489,6,0.01775568181818182,84.78633996212122
80555,6,0.01775568181818182,84.80409564393939
80617,6,0.01775568181818182,84.82185132575758
80720,6,0.01775568181818182,84.83960700757575
80756,6,0.01775568181818182,84.85736268939394
80876,6,0.01775568181818182,84.87511837121212
80958,6,0.01775568181818182,84.8928740530303
81168,6,0.01775568181818182,84.91062973484848
81312,6,0.01775568181818182,84.92838541666666
81579,6,0.01775568181818182,84.94614109848484
81601,6,0.01775568181818182,84.96389678030303
81620,6,0.01775568181818182,84.98165246212122
81646,6,0.01775568181818182,84.99940814393939
81690,6,0.01775568181818182,85.01716382575758
81711,1,0.002959280303030303,85.02012310606061
81739,6,0.01775568181818182,85.03787878787878
81850,6,0.01775568181818182,85.05563446969697
81904,1,0.002959280303030303,85.05859375
81980,6,0.01775568181818182,85.07634943181817
82055,6,0.01775568181818182,85.09410511363636
82251,6,0.01775568181818182,85.11186079545455
82306,6,0.01775568181818182,85.12961647727273
82344,6,0.01775568181818182,85.1473721590909
82373,6,0.01775568181818182,85.1651278409091
82399,6,0.01775568181818182,85.18288352272727
82533,1,0.002959280303030303,85.1858428030303
82648,6,0.01775568181818182,85.20359848484848
82744,6,0.01775568181818182,85.22135416666666
82759,6,0.01775568181818182,85.23910984848484
83026,6,0.01775568181818182,85.25686553030303
83081,6,0.01775568181818182,85.27462121212122
83137,6,0.01775568181818182,85.29237689393939
83195,6,0.01775568181818182,85.31013257575758
83235,6,0.01775568181818182,85.32788825757575
83274,6,0.01775568181818182,85.34564393939394
83456,6,0.01775568181818182,85.36339962121212
83465,6,0.01775568181818182,85.3811553030303
83508,6,0.01775568181818182,85.39891098484848
83676,6,0.01775568181818182,85.41666666666666
83827,6,0.01775568181818182,85.43442234848484
83900,6,0.01775568181818182,85.45217803030303
84044,6,0.01775568181818182,85.46993371212122
84183,6,0.01775568181818182,85.48768939393939
84295,1,0.002959280303030303,85.49064867424242
84314,6,0.01775568181818182,85.50840435606061
84392,6,0.01775568181818182,85.52616003787878
84564,6,0.01775568181818182,85.54391571969697
84865,6,0.01775568181818182,85.56167140151516
85176,6,0.01775568181818182,85.57942708333334
85224,1,0.002959280303030303,85.58238636363636
85330,6,0.01775568181818182,85.60014204545455
85353,6,0.01775568181818182,85.61789772727273
85381,6,0.01775568181818182,85.6356534090909
85412,6,0.01775568181818182,85.6534090909091
85445,6,0.01775568181818182,85.67116477272727
85480,6,0.01775568181818182,85.68892045454545
85568,6,0.01775568181818182,85.70667613636364
85667,6,0.01775568181818182,85.72443181818183
85683,6,0.01775568181818182,85.7421875
85842,6,0.01775568181818182,85.75994318181817
85873,6,0.01775568181818182,85.77769886363636
85902,6,0.01775568181818182,85.79545454545455
85917,6,0.01775568181818182,85.81321022727273
86003,6,0.01775568181818182,85.8309659090909
86221,6,0.01775568181818182,85.8487215909091
86337,1,0.002959280303030303,85.85168087121212
86458,6,0.01775568181818182,85.8694365530303
86580,6,0.01775568181818182,85.88719223484848
86857,6,0.01775568181818182,85.90494791666666
86902,6,0.01775568181818182,85.92270359848484
86948,6,0.01775568181818182,85.94045928030303
87080,6,0.01775568181818182,85.95821496212122
87127,6,0.01775568181818182,85.97597064393939
87227,6,0.01775568181818182,85.99372632575758
87310,6,0.01775568181818182,86.01148200757575
87345,6,0.01775568181818182,86.02923768939394
87394,6,0.01775568181818182,86.04699337121212
87633,6,0.01775568181818182,86.0647490530303
87660,6,0.01775568181818182,86.08250473484848
87843,6,0.01775568181818182,86.10026041666666
88038,6,0.01775568181818182,86.11801609848484
88123,6,0.01775568181818182,86.13577178030303
88269,6,0.01775568181818182,86.15352746212122
88272,6,0.01775568181818182,86.17128314393939
88456,6,0.01775568181818182,86.18903882575758
88599,6,0.01775568181818182,86.20679450757575
88637,6,0.01775568181818182,86.22455018939394
88826,6,0.01775568181818182,86.24230587121212
89081,6,0.01775568181818182,86.2600615530303
89097,6,0.01775568181818182,86.27781723484848
89134,6,0.01775568181818182,86.29557291666666
89235,6,0.01775568181818182,86.31332859848484
89302,6,0.01775568181818182,86.33108428030303
89342,6,0.01775568181818182,86.34883996212122
89534,6,0.01775568181818182,86.36659564393939
89649,6,0.01775568181818182,86.38435132575758
89736,6,0.01775568181818182,86.40210700757575
89766,6,0.01775568181818182,86.41986268939394
90004,6,0.01775568181818182,86.43761837121212
90118,6,0.01775568181818182,86.4553740530303
90382,6,0.01775568181818182,86.47312973484848
90403,6,0.01775568181818182,86.49088541666666
90475,1,0.002959280303030303,86.4938446969697
90491,6,0.01775568181818182,86.51160037878788
90803,1,0.002959280303030303,86.5145596590909
90839,6,0.01775568181818182,86.5323153409091
90998,6,0.01775568181818182,86.55007102272727
91074,6,0.01775568181818182,86.56782670454545
91076,6,0.01775568181818182,86.58558238636364
91105,6,0.01775568181818182,86.60333806818183
91193,6,0.01775568181818182,86.62109375
91311,6,0.01775568181818182,86.63884943181817
91355,6,0.01775568181818182,86.65660511363636
91437,6,0.01775568181818182,86.67436079545455
91507,6,0.01775568181818182,86.69211647727273
91524,6,0.01775568181818182,86.7098721590909
91585,6,0.01775568181818182,86.7276278409091
92098,6,0.01775568181818182,86.74538352272727
92149,6,0.01775568181818182,86.76313920454545
92247,6,0.01775568181818182,86.78089488636364
92549,6,0.01775568181818182,86.79865056818183
92610,6,0.01775568181818182,86.81640625
92828,6,0.01775568181818182,86.83416193181817
92830,6,0.01775568181818182,86.85191761363636
92833,6,0.01775568181818182,86.86967329545455
92879,6,0.01775568181818182,86.88742897727273
92905,6,0.01775568181818182,86.9051846590909
92912,6,0.01775568181818182,86.9229403409091
92933,6,0.01775568181818182,86.94069602272727
93050,6,0.01775568181818182,86.95845170454545
93118,6,0.01775568181818182,86.97620738636364
93364,6,0.01775568181818182,86.99396306818183
93367,6,0.01775568181818182,87.01171875
93578,6,0.01775568181818182,87.02947443181817
93601,1,0.002959280303030303,87.03243371212122
93631,6,0.01775568181818182,87.05018939393939
93648,6,0.01775568181818182,87.06794507575758
93748,6,0.01775568181818182,87.08570075757575
93784,6,0.01775568181818182,87.10345643939394
93806,6,0.01775568181818182,87.12121212121212
93817,6,0.01775568181818182,87.1389678030303
93847,6,0.01775568181818182,87.15672348484848
93929,6,0.01775568181818182,87.17447916666666
93981,6,0.01775568181818182,87.19223484848484
94496,6,0.01775568181818182,87.20999053030303
94687,6,0.01775568181818182,87.22774621212122
94785,6,0.01775568181818182,87.24550189393939
94812,6,0.01775568181818182,87.26325757575758
94854,6,0.01775568181818182,87.28101325757575
94855,6,0.01775568181818182,87.29876893939394
95058,6,0.01775568181818182,87.31652462121212
95178,6,0.01775568181818182,87.3342803030303
95262,6,0.01775568181818182,87.35203598484848
95467,6,0.01775568181818182,87.36979166666666
95775,6,0.01775568181818182,87.38754734848484
95806,6,0.01775568181818182,87.40530303030303
95820,1,0.002959280303030303,87.40826231060606
95904,1,0.002959280303030303,87.4112215909091
95908,6,0.01775568181818182,87.42897727272727
96201,1,0.002959280303030303,87.4319365530303
96352,6,0.01775568181818182,87.44969223484848
96470,6,0.01775568181818182,87.46744791666666
96665,6,0.01775568181818182,87.48520359848484
96714,6,0.01775568181818182,87.50295928030303
96912,6,0.01775568181818182,87.52071496212122
97370,6,0.01775568181818182,87.53847064393939
97602,6,0.01775568181818182,87.55622632575758
97604,6,0.01775568181818182,87.57398200757575
97701,6,0.01775568181818182,87.59173768939394
97970,6,0.01775568181818182,87.60949337121212
98006,6,0.01775568181818182,87.6272490530303
98140,6,0.01775568181818182,87.64500473484848
98327,6,0.01775568181818182,87.66276041666666
98397,6,0.01775568181818182,87.68051609848484
98677,6,0.01775568181818182,87.69827178030303
98678,6,0.01775568181818182,87.71602746212122
98772,6,0.01775568181818182,87.73378314393939
98977,6,0.01775568181818182,87.75153882575758
99307,6,0.01775568181818182,87.76929450757575
99447,6,0.01775568181818182,87.78705018939394
99504,6,0.01775568181818182,87.80480587121212
99530,6,0.01775568181818182,87.8225615530303
99944,6,0.01775568181818182,87.84031723484848
99980,6,0.01775568181818182,87.85807291666666
100008,6,0.01775568181818182,87.87582859848484
100208,6,0.01775568181818182,87.89358428030303
100213,6,0.01775568181818182,87.91133996212122
100312,6,0.01775568181818182,87.92909564393939
100482,6,0.01775568181818182,87.94685132575758
100738,6,0.01775568181818182,87.96460700757575
100828,6,0.01775568181818182,87.98236268939394
100983,6,0.01775568181818182,88.00011837121212
101269,6,0.01775568181818182,88.0178740530303
101338,6,0.01775568181818182,88.03562973484848
101428,6,0.01775568181818182,88.05338541666666
101431,1,0.002959280303030303,88.0563446969697
101798,6,0.01775568181818182,88.07410037878788
102185,1,0.002959280303030303,88.0770596590909
102187,6,0.01775568181818182,88.0948153409091
102256,6,0.01775568181818182,88.11257102272727
102327,6,0.01775568181818182,88.13032670454545
102838,6,0.01775568181818182,88.14808238636364
102969,6,0.01775568181818182,88.16583806818183
103088,6,0.01775568181818182,88.18359375
103090,6,0.01775568181818182,88.20134943181817
103196,6,0.01775568181818182,88.21910511363636
103370,6,0.01775568181818182,88.23686079545455
103470,6,0.01775568181818182,88.25461647727273
103556,6,0.01775568181818182,88.2723721590909
103888,6,0.01775568181818182,88.2901278409091
103928,6,0.01775568181818182,88.30788352272727
103970,6,0.01775568181818182,88.32563920454545
104036,6,0.01775568181818182,88.34339488636364
104067,1,0.002959280303030303,88.34635416666666
104116,6,0.01775568181818182,88.36410984848484
104298,6,0.01775568181818182,88.38186553030303
104332,6,0.01775568181818182,88.39962121212122
104529,6,0.01775568181818182,88.41737689393939
104746,6,0.01775568181818182,88.43513257575758
104949,6,0.01775568181818182,88.45288825757575
105139,6,0.01775568181818182,88.47064393939394
105446,6,0.01775568181818182,88.48839962121212
105819,6,0.01775568181818182,88.5061553030303
106034,6,0.01775568181818182,88.52391098484848
106202,6,0.01775568181818182,88.54166666666666
106675,6,0.01775568181818182,88.55942234848484
106679,6,0.01775568181818182,88.57717803030303
106791,6,0.01775568181818182,88.59493371212122
106846,6,0.01775568181818182,88.61268939393939
106970,6,0.01775568181818182,88.63044507575758
107126,6,0.01775568181818182,88.64820075757575
107147,6,0.01775568181818182,88.66595643939394
107185,6,0.01775568181818182,88.68371212121212
107200,6,0.01775568181818182,88.7014678030303
107360,6,0.01775568181818182,88.71922348484848
107431,6,0.01775568181818182,88.73697916666666
107558,6,0.01775568181818182,88.75473484848484
107629,6,0.01775568181818182,88.77249053030303
107653,6,0.01775568181818182,88.79024621212122
107738,6,0.01775568181818182,88.80800189393939
108324,6,0.01775568181818182,88.82575757575758
108389,6,0.01775568181818182,88.84351325757575
108437,6,0.01775568181818182,88.86126893939394
108472,6,0.01775568181818182,88.87902462121212
108506,6,0.01775568181818182,88.8967803030303
108547,6,0.01775568181818182,88.91453598484848
108630,6,0.01775568181818182,88.93229166666666
109054,6,0.01775568181818182,88.95004734848484
109151,6,0.01775568181818182,88.96780303030303
109226,6,0.01775568181818182,88.98555871212122
110007,6,0.01775568181818182,89.00331439393939
110678,6,0.01775568181818182,89.02107007575758
110792,6,0.01775568181818182,89.03882575757575
110917,6,0.01775568181818182,89.05658143939394
110956,6,0.01775568181818182,89.07433712121212
111135,6,0.01775568181818182,89.0920928030303
111275,6,0.01775568181818182,89.10984848484848
111375,6,0.01775568181818182,89.12760416666666
111547,6,0.01775568181818182,89.14535984848484
111619,6,0.01775568181818182,89.16311553030303
111680,6,0.01775568181818182,89.18087121212122
111763,6,0.01775568181818182,89.19862689393939
111817,6,0.01775568181818182,89.21638257575758
112159,6,0.01775568181818182,89.23413825757575
112268,6,0.01775568181818182,89.25189393939394
112273,6,0.01775568181818182,89.26964962121212
112308,6,0.01775568181818182,89.2874053030303
112421,6,0.01775568181818182,89.30516098484848
112588,6,0.01775568181818182,89.32291666666666
112612,6,0.01775568181818182,89.34067234848484
112808,6,0.01775568181818182,89.35842803030303
112838,1,0.002959280303030303,89.36138731060606
112879,6,0.01775568181818182,89.37914299242425
113033,6,0.01775568181818182,89.39689867424242
113353,6,0.01775568181818182,89.41465435606061
113543,6,0.01775568181818182,89.43241003787878
113693,6,0.01775568181818182,89.45016571969697
113944,6,0.01775568181818182,89.46792140151516
113967,6,0.01775568181818182,89.48567708333334
113982,6,0.01775568181818182,89.50343276515152
114372,6,0.01775568181818182,89.5211884469697
114389,6,0.01775568181818182,89.53894412878788
114628,6,0.01775568181818182,89.55669981060606
114671,6,0.01775568181818182,89.57445549242425
114718,6,0.01775568181818182,89.59221117424242
114810,6,0.01775568181818182,89.60996685606061
114928,6,0.01775568181818182,89.62772253787878
115101,6,0.01775568181818182,89.64547821969697
115165,6,0.01775568181818182,89.66323390151516
115573,6,0.01775568181818182,89.68098958333334
116132,6,0.01775568181818182,89.69874526515152
117195,6,0.01775568181818182,89.7165009469697
117252,6,0.01775568181818182,89.73425662878788
117400,6,0.01775568181818182,89.75201231060606
117439,6,0.01775568181818182,89.76976799242425
117545,6,0.01775568181818182,89.78752367424242
117554,6,0.01775568181818182,89.80527935606061
118433,1,0.002959280303030303,89.80823863636364
118463,6,0.01775568181818182,89.82599431818183
118485,6,0.01775568181818182,89.84375
118776,6,0.01775568181818182,89.86150568181817
119601,1,0.002959280303030303,89.86446496212122
119695,6,0.01775568181818182,89.88222064393939
120115,6,0.01775568181818182,89.89997632575758
120856,6,0.01775568181818182,89.91773200757575
120906,6,0.01775568181818182,89.93548768939394
121460,6,0.01775568181818182,89.95324337121212
121505,6,0.01775568181818182,89.9709990530303
121528,6,0.01775568181818182,89.98875473484848
121972,6,0.01775568181818182,90.00651041666666
122054,6,0.01775568181818182,90.02426609848484
122126,6,0.01775568181818182,90.04202178030303
122338,6,0.01775568181818182,90.05977746212122
123233,6,0.01775568181818182,90.07753314393939
123325,6,0.01775568181818182,90.09528882575758
123639,6,0.01775568181818182,90.11304450757575
123717,6,0.01775568181818182,90.13080018939394
123764,6,0.01775568181818182,90.14855587121212
124073,6,0.01775568181818182,90.1663115530303
124303,6,0.01775568181818182,90.18406723484848
124637,6,0.01775568181818182,90.20182291666666
124651,6,0.01775568181818182,90.21957859848484
124666,6,0.01775568181818182,90.23733428030303
124762,6,0.01775568181818182,90.25508996212122
125025,6,0.01775568181818182,90.27284564393939
125174,6,0.01775568181818182,90.29060132575758
125184,6,0.01775568181818182,90.30835700757575
125319,6,0.01775568181818182,90.32611268939394
125942,6,0.01775568181818182,90.34386837121212
126359,6,0.01775568181818182,90.3616240530303
126482,6,0.01775568181818182,90.37937973484848
126483,6,0.01775568181818182,90.39713541666666
126601,6,0.01775568181818182,90.41489109848484
126629,6,0.01775568181818182,90.43264678030303
126665,6,0.01775568181818182,90.45040246212122
126669,6,0.01775568181818182,90.46815814393939
126740,6,0.01775568181818182,90.48591382575758
126976,6,0.01775568181818182,90.50366950757575
127069,6,0.01775568181818182,90.52142518939394
127084,6,0.01775568181818182,90.53918087121212
127260,6,0.01775568181818182,90.5569365530303
127337,6,0.01775568181818182,90.57469223484848
128143,6,0.01775568181818182,90.59244791666666
128475,6,0.01775568181818182,90.61020359848484
128557,6,0.01775568181818182,90.62795928030303
129514,1,0.002959280303030303,90.63091856060606
129780,6,0.01775568181818182,90.64867424242425
129968,1,0.002959280303030303,90.65163352272727
130359,6,0.01775568181818182,90.66938920454545
130432,1,0.002959280303030303,90.67234848484848
130653,6,0.01775568181818182,90.69010416666666
130727,6,0.01775568181818182,90.70785984848484
130749,6,0.01775568181818182,90.72561553030303
130891,1,0.002959280303030303,90.72857481060606
131019,6,0.01775568181818182,90.74633049242425
131152,6,0.01775568181818182,90.76408617424242
132069,6,0.01775568181818182,90.78184185606061
132087,6,0.01775568181818182,90.79959753787878
132133,6,0.01775568181818182,90.81735321969697
132161,6,0.01775568181818182,90.83510890151516
132515,6,0.01775568181818182,90.85286458333334
132753,6,0.01775568181818182,90.87062026515152
132918,6,0.01775568181818182,90.8883759469697
133068,1,0.002959280303030303,90.89133522727273
133163,6,0.01775568181818182,90.9090909090909
133203,6,0.01775568181818182,90.9268465909091
133240,6,0.01775568181818182,90.94460227272727
133537,6,0.01775568181818182,90.96235795454545
133888,6,0.01775568181818182,90.98011363636364
134075,6,0.01775568181818182,90.99786931818183
134118,6,0.01775568181818182,91.015625
134370,6,0.01775568181818182,91.03338068181817
134461,6,0.01775568181818182,91.05113636363636
134464,6,0.01775568181818182,91.06889204545455
134532,6,0.01775568181818182,91.08664772727273
134724,1,0.002959280303030303,91.08960700757575
134775,6,0.01775568181818182,91.10736268939394
135023,6,0.01775568181818182,91.12511837121212
135335,6,0.01775568181818182,91.1428740530303
135387,6,0.01775568181818182,91.16062973484848
135622,6,0.01775568181818182,91.17838541666666
136700,6,0.01775568181818182,91.19614109848484
136779,6,0.01775568181818182,91.21389678030303
136893,6,0.01775568181818182,91.23165246212122
137096,6,0.01775568181818182,91.24940814393939
137402,6,0.01775568181818182,91.26716382575758
137713,6,0.01775568181818182,91.28491950757575
137981,1,0.002959280303030303,91.28787878787878
138189,6,0.01775568181818182,91.30563446969697
138219,6,0.01775568181818182,91.32339015151516
138220,6,0.01775568181818182,91.34114583333334
138416,6,0.01775568181818182,91.35890151515152
138506,6,0.01775568181818182,91.3766571969697
138888,6,0.01775568181818182,91.39441287878788
139080,6,0.01775568181818182,91.41216856060606
139234,6,0.01775568181818182,91.42992424242425
139451,6,0.01775568181818182,91.44767992424242
139567,6,0.01775568181818182,91.46543560606061
139585,6,0.01775568181818182,91.48319128787878
139946,6,0.01775568181818182,91.50094696969697
140213,6,0.01775568181818182,91.51870265151516
140214,6,0.01775568181818182,91.53645833333334
140271,6,0.01775568181818182,91.55421401515152
140575,6,0.01775568181818182,91.5719696969697
141201,6,0.01775568181818182,91.58972537878788
141247,6,0.01775568181818182,91.60748106060606
141558,6,0.01775568181818182,91.62523674242425
141961,6,0.01775568181818182,91.64299242424242
142355,6,0.01775568181818182,91.66074810606061
142403,6,0.01775568181818182,91.67850378787878
142627,6,0.01775568181818182,91.69625946969697
142720,6,0.01775568181818182,91.71401515151516
143091,6,0.01775568181818182,91.73177083333334
143123,6,0.01775568181818182,91.74952651515152
143583,6,0.01775568181818182,91.7672821969697
143861,6,0.01775568181818182,91.78503787878788
143868,6,0.01775568181818182,91.80279356060606
143882,6,0.01775568181818182,91.82054924242425
144224,6,0.01775568181818182,91.83830492424242
144235,6,0.01775568181818182,91.85606060606061
144379,6,0.01775568181818182,91.87381628787878
144675,6,0.01775568181818182,91.89157196969697
144682,6,0.01775568181818182,91.90932765151516
144741,1,0.002959280303030303,91.91228693181817
144809,6,0.01775568181818182,91.93004261363636
145265,6,0.01775568181818182,91.94779829545455
145306,1,0.002959280303030303,91.95075757575758
145768,6,0.01775568181818182,91.96851325757575
146287,6,0.01775568181818182,91.98626893939394
146585,6,0.01775568181818182,92.00402462121212
146785,6,0.01775568181818182,92.0217803030303
146947,6,0.01775568181818182,92.03953598484848
147025,6,0.01775568181818182,92.05729166666666
147732,6,0.01775568181818182,92.07504734848484
147931,6,0.01775568181818182,92.09280303030303
148059,6,0.01775568181818182,92.11055871212122
148096,6,0.01775568181818182,92.12831439393939
148158,6,0.01775568181818182,92.14607007575758
148342,6,0.01775568181818182,92.16382575757575
148384,6,0.01775568181818182,92.18158143939394
148431,6,0.01775568181818182,92.19933712121212
148510,6,0.01775568181818182,92.2170928030303
148632,6,0.01775568181818182,92.23484848484848
148862,6,0.01775568181818182,92.25260416666666
148876,6,0.01775568181818182,92.27035984848484
148882,6,0.01775568181818182,92.28811553030303
149285,6,0.01775568181818182,92.30587121212122
149407,6,0.01775568181818182,92.32362689393939
149701,6,0.01775568181818182,92.34138257575758
149870,6,0.01775568181818182,92.35913825757575
149995,6,0.01775568181818182,92.37689393939394
151938,6,0.01775568181818182,92.39464962121212
151995,6,0.01775568181818182,92.4124053030303
152069,6,0.01775568181818182,92.43016098484848
152181,1,0.002959280303030303,92.43312026515152
152241,6,0.01775568181818182,92.4508759469697
152803,6,0.01775568181818182,92.46863162878788
152943,6,0.01775568181818182,92.48638731060606
153141,6,0.01775568181818182,92.50414299242425
153238,6,0.01775568181818182,92.52189867424242
153539,6,0.01775568181818182,92.53965435606061
153588,6,0.01775568181818182,92.55741003787878
153634,6,0.01775568181818182,92.57516571969697
153982,6,0.01775568181818182,92.59292140151516
154597,6,0.01775568181818182,92.61067708333334
154736,6,0.01775568181818182,92.62843276515152
154931,6,0.01775568181818182,92.6461884469697
155249,6,0.01775568181818182,92.66394412878788
155331,6,0.01775568181818182,92.68169981060606
155346,6,0.01775568181818182,92.69945549242425
155453,6,0.01775568181818182,92.71721117424242
156810,6,0.01775568181818182,92.73496685606061
157141,1,0.002959280303030303,92.73792613636364
157149,6,0.01775568181818182,92.75568181818183
157437,6,0.01775568181818182,92.7734375
157744,6,0.01775568181818182,92.79119318181817
157769,6,0.01775568181818182,92.80894886363636
157801,1,0.002959280303030303,92.81190814393939
158046,6,0.01775568181818182,92.82966382575758
158112,6,0.01775568181818182,92.84741950757575
158698,6,0.01775568181818182,92.86517518939394
159526,6,0.01775568181818182,92.88293087121212
159690,6,0.01775568181818182,92.9006865530303
159829,1,0.002959280303030303,92.90364583333334
159893,6,0.01775568181818182,92.92140151515152
160239,6,0.01775568181818182,92.9391571969697
160256,1,0.002959280303030303,92.94211647727273
160328,6,0.01775568181818182,92.9598721590909
160709,1,0.002959280303030303,92.96283143939394
160727,6,0.01775568181818182,92.98058712121212
160767,6,0.01775568181818182,92.9983428030303
160879,6,0.01775568181818182,93.01609848484848
161007,6,0.01775568181818182,93.03385416666666
161249,6,0.01775568181818182,93.05160984848484
161590,6,0.01775568181818182,93.06936553030303
161606,6,0.01775568181818182,93.08712121212122
161816,6,0.01775568181818182,93.10487689393939
161930,6,0.01775568181818182,93.12263257575758
162682,1,0.002959280303030303,93.12559185606061
163017,6,0.01775568181818182,93.14334753787878
163351,6,0.01775568181818182,93.16110321969697
163473,6,0.01775568181818182,93.17885890151516
163502,6,0.01775568181818182,93.19661458333334
163793,6,0.01775568181818182,93.21437026515152
163972,1,0.002959280303030303,93.21732954545455
164028,6,0.01775568181818182,93.23508522727273
164567,6,0.01775568181818182,93.2528409090909
164606,1,0.002959280303030303,93.25580018939394
165354,6,0.01775568181818182,93.27355587121212
165888,6,0.01775568181818182,93.2913115530303
165976,6,0.01775568181818182,93.30906723484848
166364,6,0.01775568181818182,93.32682291666666
166443,6,0.01775568181818182,93.34457859848484
166486,6,0.01775568181818182,93.36233428030303
166923,6,0.01775568181818182,93.38008996212122
167081,6,0.01775568181818182,93.39784564393939
167495,6,0.01775568181818182,93.41560132575758
167805,6,0.01775568181818182,93.43335700757575
168026,6,0.01775568181818182,93.45111268939394
168750,6,0.01775568181818182,93.46886837121212
168820,6,0.01775568181818182,93.4866240530303
169216,6,0.01775568181818182,93.50437973484848
169262,6,0.01775568181818182,93.52213541666666
170289,1,0.002959280303030303,93.5250946969697
170460,6,0.01775568181818182,93.54285037878788
170563,6,0.01775568181818182,93.56060606060606
170981,1,0.002959280303030303,93.5635653409091
171112,6,0.01775568181818182,93.58132102272727
171440,6,0.01775568181818182,93.59907670454545
171873,6,0.01775568181818182,93.61683238636364
171977,6,0.01775568181818182,93.63458806818183
172365,6,0.01775568181818182,93.65234375
172393,1,0.002959280303030303,93.65530303030303
173179,6,0.01775568181818182,93.67305871212122
173293,6,0.01775568181818182,93.69081439393939
174142,6,0.01775568181818182,93.70857007575758
174359,1,0.002959280303030303,93.71152935606061
174385,6,0.01775568181818182,93.72928503787878
174493,6,0.01775568181818182,93.74704071969697
174623,6,0.01775568181818182,93.76479640151516
175289,6,0.01775568181818182,93.78255208333334
175994,6,0.01775568181818182,93.80030776515152
177259,6,0.01775568181818182,93.8180634469697
177520,6,0.01775568181818182,93.83581912878788
177713,6,0.01775568181818182,93.85357481060606
178067,6,0.01775568181818182,93.87133049242425
178106,6,0.01775568181818182,93.88908617424242
178233,6,0.01775568181818182,93.90684185606061
178639,6,0.01775568181818182,93.92459753787878
178686,6,0.01775568181818182,93.94235321969697
179447,6,0.01775568181818182,93.96010890151516
179647,6,0.01775568181818182,93.97786458333334
179795,6,0.01775568181818182,93.99562026515152
179817,6,0.01775568181818182,94.0133759469697
179831,6,0.01775568181818182,94.03113162878788
180022,6,0.01775568181818182,94.04888731060606
180364,6,0.01775568181818182,94.06664299242425
180551,6,0.01775568181818182,94.08439867424242
180594,6,0.01775568181818182,94.10215435606061
180885,6,0.01775568181818182,94.11991003787878
180908,6,0.01775568181818182,94.13766571969697
181039,1,0.002959280303030303,94.140625
181230,6,0.01775568181818182,94.15838068181817
181330,1,0.002959280303030303,94.16133996212122
181523,6,0.01775568181818182,94.17909564393939
181820,6,0.01775568181818182,94.19685132575758
181956,6,0.01775568181818182,94.21460700757575
182011,6,0.01775568181818182,94.23236268939394
182462,6,0.01775568181818182,94.25011837121212
182692,1,0.002959280303030303,94.25307765151516
183052,6,0.01775568181818182,94.27083333333334
183700,6,0.01775568181818182,94.28858901515152
184464,6,0.01775568181818182,94.3063446969697
184703,6,0.01775568181818182,94.32410037878788
185098,6,0.01775568181818182,94.34185606060606
185368,6,0.01775568181818182,94.35961174242425
186022,6,0.01775568181818182,94.37736742424242
186190,6,0.01775568181818182,94.39512310606061
186736,6,0.01775568181818182,94.41287878787878
187286,6,0.01775568181818182,94.43063446969697
187419,6,0.01775568181818182,94.44839015151516
188028,6,0.01775568181818182,94.46614583333334
188694,6,0.01775568181818182,94.48390151515152
188785,6,0.01775568181818182,94.5016571969697
188943,6,0.01775568181818182,94.51941287878788
189169,6,0.01775568181818182,94.53716856060606
189617,6,0.01775568181818182,94.55492424242425
190860,6,0.01775568181818182,94.57267992424242
190970,6,0.01775568181818182,94.59043560606061
192665,6,0.01775568181818182,94.60819128787878
194033,6,0.01775568181818182,94.62594696969697
194521,6,0.01775568181818182,94.64370265151516
195704,6,0.01775568181818182,94.66145833333334
196268,6,0.01775568181818182,94.67921401515152
196298,6,0.01775568181818182,94.6969696969697
196617,1,0.002959280303030303,94.69992897727273
197370,6,0.01775568181818182,94.7176846590909
197534,6,0.01775568181818182,94.7354403409091
197787,6,0.01775568181818182,94.75319602272727
197826,6,0.01775568181818182,94.77095170454545
197933,6,0.01775568181818182,94.78870738636364
198220,6,0.01775568181818182,94.80646306818183
198344,6,0.01775568181818182,94.82421875
198531,6,0.01775568181818182,94.84197443181817
199582,6,0.01775568181818182,94.85973011363636
199825,6,0.01775568181818182,94.87748579545455
200343,6,0.01775568181818182,94.89524147727273
200590,6,0.01775568181818182,94.9129971590909
200954,6,0.01775568181818182,94.9307528409091
201928,1,0.002959280303030303,94.93371212121212
202224,6,0.01775568181818182,94.9514678030303
202872,6,0.01775568181818182,94.96922348484848
203119,6,0.01775568181818182,94.98697916666666
203400,6,0.01775568181818182,95.00473484848484
203518,6,0.01775568181818182,95.02249053030303
203566,6,0.01775568181818182,95.04024621212122
204312,6,0.01775568181818182,95.05800189393939
205021,6,0.01775568181818182,95.07575757575758
205713,6,0.01775568181818182,95.09351325757575
205880,6,0.01775568181818182,95.11126893939394
206050,6,0.01775568181818182,95.12902462121212
206096,6,0.01775568181818182,95.1467803030303
207308,6,0.01775568181818182,95.16453598484848
207387,6,0.01775568181818182,95.18229166666666
207551,6,0.01775568181818182,95.20004734848484
207765,6,0.01775568181818182,95.21780303030303
209437,6,0.01775568181818182,95.23555871212122
209985,6,0.01775568181818182,95.25331439393939
210615,6,0.01775568181818182,95.27107007575758
210708,6,0.01775568181818182,95.28882575757575
211391,6,0.01775568181818182,95.30658143939394
211415,6,0.01775568181818182,95.32433712121212
212699,6,0.01775568181818182,95.3420928030303
212785,6,0.01775568181818182,95.35984848484848
212842,6,0.01775568181818182,95.37760416666666
214006,6,0.01775568181818182,95.39535984848484
214045,6,0.01775568181818182,95.41311553030303
214273,6,0.01775568181818182,95.43087121212122
214277,6,0.01775568181818182,95.44862689393939
214418,6,0.01775568181818182,95.46638257575758
215540,6,0.01775568181818182,95.48413825757575
216976,6,0.01775568181818182,95.50189393939394
217276,6,0.01775568181818182,95.51964962121212
217326,6,0.01775568181818182,95.5374053030303
217736,6,0.01775568181818182,95.55516098484848
218156,6,0.01775568181818182,95.57291666666666
218198,1,0.002959280303030303,95.5758759469697
218857,6,0.01775568181818182,95.59363162878788
221168,6,0.01775568181818182,95.61138731060606
221769,1,0.002959280303030303,95.6143465909091
221837,1,0.002959280303030303,95.61730587121212
222000,6,0.01775568181818182,95.6350615530303
222167,6,0.01775568181818182,95.65281723484848
222929,6,0.01775568181818182,95.67057291666666
225290,6,0.01775568181818182,95.68832859848484
225469,6,0.01775568181818182,95.70608428030303
225515,6,0.01775568181818182,95.72383996212122
225594,6,0.01775568181818182,95.74159564393939
226119,6,0.01775568181818182,95.75935132575758
226592,6,0.01775568181818182,95.77710700757575
227379,1,0.002959280303030303,95.78006628787878
228337,6,0.01775568181818182,95.79782196969697
228923,6,0.01775568181818182,95.81557765151516
229487,6,0.01775568181818182,95.83333333333334
229489,6,0.01775568181818182,95.85108901515152
229766,6,0.01775568181818182,95.8688446969697
229774,6,0.01775568181818182,95.88660037878788
229830,6,0.01775568181818182,95.90435606060606
231424,6,0.01775568181818182,95.92211174242425
231813,6,0.01775568181818182,95.93986742424242
231907,6,0.01775568181818182,95.95762310606061
231997,1,0.002959280303030303,95.96058238636364
232246,1,0.002959280303030303,95.96354166666666
232348,6,0.01775568181818182,95.98129734848484
232416,6,0.01775568181818182,95.99905303030303
232568,6,0.01775568181818182,96.01680871212122
232653,6,0.01775568181818182,96.03456439393939
233693,6,0.01775568181818182,96.05232007575758
235178,6,0.01775568181818182,96.07007575757575
235198,6,0.01775568181818182,96.08783143939394
235446,6,0.01775568181818182,96.10558712121212
235584,6,0.01775568181818182,96.1233428030303
235952,6,0.01775568181818182,96.14109848484848
236361,6,0.01775568181818182,96.15885416666666
236526,6,0.01775568181818182,96.17660984848484
236894,6,0.01775568181818182,96.19436553030303
236920,6,0.01775568181818182,96.21212121212122
237181,6,0.01775568181818182,96.22987689393939
237361,6,0.01775568181818182,96.24763257575758
237942,6,0.01775568181818182,96.26538825757575
240297,1,0.002959280303030303,96.26834753787878
240750,6,0.01775568181818182,96.28610321969697
241055,6,0.01775568181818182,96.30385890151516
241244,6,0.01775568181818182,96.32161458333334
241338,6,0.01775568181818182,96.33937026515152
241569,6,0.01775568181818182,96.3571259469697
242044,6,0.01775568181818182,96.37488162878788
242402,6,0.01775568181818182,96.39263731060606
243022,1,0.002959280303030303,96.3955965909091
243438,6,0.01775568181818182,96.41335227272727
243526,6,0.01775568181818182,96.43110795454545
243753,1,0.002959280303030303,96.43406723484848
243764,6,0.01775568181818182,96.45182291666666
244115,1,0.002959280303030303,96.4547821969697
244984,6,0.01775568181818182,96.47253787878788
245220,6,0.01775568181818182,96.49029356060606
245660,6,0.01775568181818182,96.50804924242425
246208,6,0.01775568181818182,96.52580492424242
246566,1,0.002959280303030303,96.52876420454545
246972,6,0.01775568181818182,96.54651988636364
247437,6,0.01775568181818182,96.56427556818183
248015,6,0.01775568181818182,96.58203125
248245,6,0.01775568181818182,96.59978693181817
248784,6,0.01775568181818182,96.61754261363636
249594,6,0.01775568181818182,96.63529829545455
249664,6,0.01775568181818182,96.65305397727273
249770,6,0.01775568181818182,96.6708096590909
250033,1,0.002959280303030303,96.67376893939394
250614,6,0.01775568181818182,96.69152462121212
251106,6,0.01775568181818182,96.7092803030303
251427,6,0.01775568181818182,96.72703598484848
253357,6,0.01775568181818182,96.74479166666666
253555,6,0.01775568181818182,96.76254734848484
254567,6,0.01775568181818182,96.78030303030303
255529,6,0.01775568181818182,96.79805871212122
256557,6,0.01775568181818182,96.81581439393939
257086,1,0.002959280303030303,96.81877367424242
258243,6,0.01775568181818182,96.83652935606061
258902,1,0.002959280303030303,96.83948863636364
260081,6,0.01775568181818182,96.85724431818183
261217,6,0.01775568181818182,96.875
261422,6,0.01775568181818182,96.89275568181817
262048,6,0.01775568181818182,96.91051136363636
262830,6,0.01775568181818182,96.92826704545455
263454,6,0.01775568181818182,96.94602272727273
264560,6,0.01775568181818182,96.9637784090909
265633,6,0.01775568181818182,96.9815340909091
267102,6,0.01775568181818182,96.99928977272727
267499,6,0.01775568181818182,97.01704545454545
267989,6,0.01775568181818182,97.03480113636364
268056,6,0.01775568181818182,97.05255681818183
269894,6,0.01775568181818182,97.0703125
270219,6,0.01775568181818182,97.08806818181817
273834,6,0.01775568181818182,97.10582386363636
276836,6,0.01775568181818182,97.12357954545455
277807,6,0.01775568181818182,97.14133522727273
278474,6,0.01775568181818182,97.1590909090909
281172,6,0.01775568181818182,97.1768465909091
281285,6,0.01775568181818182,97.19460227272727
283886,6,0.01775568181818182,97.21235795454545
284437,6,0.01775568181818182,97.23011363636364
285716,1,0.002959280303030303,97.23307291666666
287325,6,0.01775568181818182,97.25082859848484
287845,6,0.01775568181818182,97.26858428030303
288101,6,0.01775568181818182,97.28633996212122
288496,6,0.01775568181818182,97.30409564393939
288966,6,0.01775568181818182,97.32185132575758
291345,6,0.01775568181818182,97.33960700757575
291991,6,0.01775568181818182,97.35736268939394
292337,6,0.01775568181818182,97.37511837121212
295780,6,0.01775568181818182,97.3928740530303
296735,6,0.01775568181818182,97.41062973484848
296924,6,0.01775568181818182,97.42838541666666
298104,6,0.01775568181818182,97.44614109848484
298163,6,0.01775568181818182,97.46389678030303
299314,6,0.01775568181818182,97.48165246212122
300916,6,0.01775568181818182,97.49940814393939
301402,6,0.01775568181818182,97.51716382575758
301419,1,0.002959280303030303,97.52012310606061
301433,6,0.01775568181818182,97.53787878787878
301670,6,0.01775568181818182,97.55563446969697
301818,1,0.002959280303030303,97.55859375
303041,6,0.01775568181818182,97.57634943181817
303042,6,0.01775568181818182,97.59410511363636
303630,6,0.01775568181818182,97.61186079545455
305694,6,0.01775568181818182,97.62961647727273
305891,6,0.01775568181818182,97.6473721590909
306546,6,0.01775568181818182,97.6651278409091
306805,1,0.002959280303030303,97.66808712121212
306981,6,0.01775568181818182,97.6858428030303
309565,6,0.01775568181818182,97.70359848484848
310641,6,0.01775568181818182,97.72135416666666
310730,6,0.01775568181818182,97.73910984848484
314313,6,0.01775568181818182,97.75686553030303
318112,6,0.01775568181818182,97.77462121212122
318442,6,0.01775568181818182,97.79237689393939
319119,6,0.01775568181818182,97.81013257575758
321232,6,0.01775568181818182,97.82788825757575
328894,6,0.01775568181818182,97.84564393939394
329639,6,0.01775568181818182,97.86339962121212
335732,6,0.01775568181818182,97.8811553030303
339625,6,0.01775568181818182,97.89891098484848
339691,6,0.01775568181818182,97.91666666666666
340444,6,0.01775568181818182,97.93442234848484
341029,6,0.01775568181818182,97.95217803030303
343061,1,0.002959280303030303,97.95513731060606
344048,6,0.01775568181818182,97.97289299242425
349514,6,0.01775568181818182,97.99064867424242
349892,6,0.01775568181818182,98.00840435606061
353118,1,0.002959280303030303,98.01136363636364
354593,6,0.01775568181818182,98.02911931818183
355159,6,0.01775568181818182,98.046875
356743,6,0.01775568181818182,98.06463068181817
357946,1,0.002959280303030303,98.06758996212122
358609,1,0.002959280303030303,98.07054924242425
359689,6,0.01775568181818182,98.08830492424242
360218,1,0.002959280303030303,98.09126420454545
360553,1,0.002959280303030303,98.09422348484848
361879,6,0.01775568181818182,98.11197916666666
362424,6,0.01775568181818182,98.12973484848484
362935,1,0.002959280303030303,98.13269412878788
363105,6,0.01775568181818182,98.15044981060606
363750,6,0.01775568181818182,98.16820549242425
364840,1,0.002959280303030303,98.17116477272727
366479,1,0.002959280303030303,98.1741240530303
367475,6,0.01775568181818182,98.19187973484848
367926,6,0.01775568181818182,98.20963541666666
368038,6,0.01775568181818182,98.22739109848484
368566,6,0.01775568181818182,98.24514678030303
368674,1,0.002959280303030303,98.24810606060606
368853,6,0.01775568181818182,98.26586174242425
368904,1,0.002959280303030303,98.26882102272727
369719,6,0.01775568181818182,98.28657670454545
369905,1,0.002959280303030303,98.28953598484848
370384,1,0.002959280303030303,98.29249526515152
370947,6,0.01775568181818182,98.3102509469697
371179,1,0.002959280303030303,98.31321022727273
373908,6,0.01775568181818182,98.3309659090909
374471,1,0.002959280303030303,98.33392518939394
377586,6,0.01775568181818182,98.35168087121212
378168,1,0.002959280303030303,98.35464015151516
378928,1,0.002959280303030303,98.35759943181817
379905,1,0.002959280303030303,98.36055871212122
381962,1,0.002959280303030303,98.36351799242425
385483,1,0.002959280303030303,98.36647727272727
388768,1,0.002959280303030303,98.3694365530303
391364,1,0.002959280303030303,98.37239583333334
391657,6,0.01775568181818182,98.39015151515152
392627,6,0.01775568181818182,98.4079071969697
393911,6,0.01775568181818182,98.42566287878788
405148,1,0.002959280303030303,98.4286221590909
422476,6,0.01775568181818182,98.4463778409091
437559,1,0.002959280303030303,98.44933712121212
441333,6,0.01775568181818182,98.4670928030303
442945,6,0.01775568181818182,98.48484848484848
448278,6,0.01775568181818182,98.50260416666666
453728,6,0.01775568181818182,98.52035984848484
462391,6,0.01775568181818182,98.53811553030303
463582,6,0.01775568181818182,98.55587121212122
465115,6,0.01775568181818182,98.57362689393939
471118,6,0.01775568181818182,98.59138257575758
473004,6,0.01775568181818182,98.60913825757575
478407,6,0.01775568181818182,98.62689393939394
480618,6,0.01775568181818182,98.64464962121212
481005,6,0.01775568181818182,98.6624053030303
498775,6,0.01775568181818182,98.68016098484848
501105,6,0.01775568181818182,98.69791666666666
504473,6,0.01775568181818182,98.71567234848484
505930,6,0.01775568181818182,98.73342803030303
520997,6,0.01775568181818182,98.75118371212122
526637,1,0.002959280303030303,98.75414299242425
527959,6,0.01775568181818182,98.77189867424242
528355,6,0.01775568181818182,98.78965435606061
542807,6,0.01775568181818182,98.80741003787878
542870,6,0.01775568181818182,98.82516571969697
553101,6,0.01775568181818182,98.84292140151516
567579,6,0.01775568181818182,98.86067708333334
573994,6,0.01775568181818182,98.87843276515152
581832,6,0.01775568181818182,98.8961884469697
593158,6,0.01775568181818182,98.91394412878788
599111,6,0.01775568181818182,98.93169981060606
599361,1,0.002959280303030303,98.9346590909091
602646,1,0.002959280303030303,98.93761837121212
605315,6,0.01775568181818182,98.9553740530303
606167,1,0.002959280303030303,98.95833333333334
609961,1,0.002959280303030303,98.96129261363636
623289,1,0.002959280303030303,98.96425189393939
667090,6,0.01775568181818182,98.98200757575758
667847,6,0.01775568181818182,98.99976325757575
695646,6,0.01775568181818182,99.01751893939394
735830,6,0.01775568181818182,99.03527462121212
738096,1,0.002959280303030303,99.03823390151516
745107,1,0.002959280303030303,99.04119318181817
749092,1,0.002959280303030303,99.04415246212122
750972,1,0.002959280303030303,99.04711174242425
752151,1,0.002959280303030303,99.05007102272727
759518,1,0.002959280303030303,99.0530303030303
988129,14,0.04142992424242424,99.09446022727273
2643261,17,0.05030776515151515,99.14476799242425
4085935,17,0.05030776515151515,99.19507575757575
4123531,17,0.05030776515151515,99.24538352272727
4623493,17,0.05030776515151515,99.29569128787878
5309357,17,0.05030776515151515,99.3459990530303
5475933,17,0.05030776515151515,99.39630681818183
6144550,17,0.05030776515151515,99.44661458333334
6482434,17,0.05030776515151515,99.49692234848484
7923647,17,0.05030776515151515,99.54723011363636
8891546,17,0.05030776515151515,99.59753787878788
9375385,17,0.05030776515151515,99.64784564393939
10940343,17,0.05030776515151515,99.6981534090909
12731054,17,0.05030776515151515,99.74846117424242
13357112,17,0.05030776515151515,99.79876893939394
14095050,17,0.05030776515151515,99.84907670454545
48809481,17,0.05030776515151515,99.89938446969697
59157293,17,0.05030776515151515,99.94969223484848
62868640,17,0.05030776515151515,100.0
